"ID","TYPE","DEVICE_ID","DEVICE_NAME","NAME","INFO","CREATE_AT"
"11","0","1","电表:1","普通事件","这是普通事件","2021-04-08 08:27:48.542000000"
"5403","0","1","电表:1","普通事件","这是普通事件","2021-04-08 08:28:26.621000000"
"5404","0","1","电表:1","普通事件","这是普通事件","2021-04-08 08:28:26.627000000"
"5406","0","1","电表:1","普通事件","这是普通事件","2021-04-08 08:28:26.639000000"
"5407","0","1","电表:1","普通事件","这是普通事件","2021-04-08 08:28:26.646000000"
"5408","0","1","电表:1","普通事件","这是普通事件","2021-04-08 08:28:26.653000000"
"5409","0","1","电表:1","普通事件","这是普通事件","2021-04-08 08:28:26.660000000"
"5411","0","1","电表:1","普通事件","这是普通事件","2021-04-08 08:28:26.675000000"
"5412","0","1","电表:1","普通事件","这是普通事件","2021-04-08 08:28:26.682000000"
"5413","0","1","电表:1","普通事件","这是普通事件","2021-04-08 08:28:26.689000000"
"5414","0","1","电表:1","普通事件","这是普通事件","2021-04-08 08:28:26.696000000"
"5416","0","1","电表:1","普通事件","这是普通事件","2021-04-08 08:28:26.709000000"
"5417","0","1","电表:1","普通事件","这是普通事件","2021-04-08 08:28:26.715000000"
"5418","0","1","电表:1","普通事件","这是普通事件","2021-04-08 08:28:26.722000000"
"5419","0","1","电表:1","普通事件","这是普通事件","2021-04-08 08:28:26.728000000"
"5421","0","1","电表:1","普通事件","这是普通事件","2021-04-08 08:28:26.742000000"
"5422","0","1","电表:1","普通事件","这是普通事件","2021-04-08 08:28:26.749000000"
"5423","0","1","电表:1","普通事件","这是普通事件","2021-04-08 08:28:26.755000000"
"5424","0","1","电表:1","普通事件","这是普通事件","2021-04-08 08:28:26.762000000"
"5426","0","1","电表:1","普通事件","这是普通事件","2021-04-08 08:28:26.776000000"
"5427","0","1","电表:1","普通事件","这是普通事件","2021-04-08 08:28:26.783000000"
"5428","0","1","电表:1","普通事件","这是普通事件","2021-04-08 08:28:26.789000000"
"5429","0","1","电表:1","普通事件","这是普通事件","2021-04-08 08:28:26.796000000"
"5431","0","1","电表:1","普通事件","这是普通事件","2021-04-08 08:28:26.809000000"
"6252","0","1","电表:1","普通事件","这是普通事件","2021-04-08 08:28:32.638000000"
"6253","0","1","电表:1","普通事件","这是普通事件","2021-04-08 08:28:32.646000000"
"6254","0","1","电表:1","普通事件","这是普通事件","2021-04-08 08:28:32.653000000"
"6256","0","1","电表:1","普通事件","这是普通事件","2021-04-08 08:28:32.668000000"
"6257","0","1","电表:1","普通事件","这是普通事件","2021-04-08 08:28:32.675000000"
"6258","0","1","电表:1","普通事件","这是普通事件","2021-04-08 08:28:32.683000000"
"6259","0","1","电表:1","普通事件","这是普通事件","2021-04-08 08:28:32.692000000"
"6261","0","1","电表:1","普通事件","这是普通事件","2021-04-08 08:28:32.708000000"
"6262","0","1","电表:1","普通事件","这是普通事件","2021-04-08 08:28:32.715000000"
"6263","0","1","电表:1","普通事件","这是普通事件","2021-04-08 08:28:32.723000000"
"6264","0","1","电表:1","普通事件","这是普通事件","2021-04-08 08:28:32.731000000"
"6266","0","1","电表:1","普通事件","这是普通事件","2021-04-08 08:28:32.747000000"
"6267","0","1","电表:1","普通事件","这是普通事件","2021-04-08 08:28:32.754000000"
"6268","0","1","电表:1","普通事件","这是普通事件","2021-04-08 08:28:32.761000000"
"6269","0","1","电表:1","普通事件","这是普通事件","2021-04-08 08:28:32.768000000"
"6271","0","1","电表:1","普通事件","这是普通事件","2021-04-08 08:28:32.781000000"
"6272","0","1","电表:1","普通事件","这是普通事件","2021-04-08 08:28:32.787000000"
"6273","0","1","电表:1","普通事件","这是普通事件","2021-04-08 08:28:32.794000000"
"6274","0","1","电表:1","普通事件","这是普通事件","2021-04-08 08:28:32.801000000"
"6276","0","1","电表:1","普通事件","这是普通事件","2021-04-08 08:28:32.815000000"
"6277","0","1","电表:1","普通事件","这是普通事件","2021-04-08 08:28:32.821000000"
"6278","0","1","电表:1","普通事件","这是普通事件","2021-04-08 08:28:32.827000000"
"6279","0","1","电表:1","普通事件","这是普通事件","2021-04-08 08:28:32.834000000"
"6281","0","1","电表:1","普通事件","这是普通事件","2021-04-08 08:28:32.846000000"
"6282","0","1","电表:1","普通事件","这是普通事件","2021-04-08 08:28:32.853000000"
"6283","0","1","电表:1","普通事件","这是普通事件","2021-04-08 08:28:32.859000000"
"6284","0","1","电表:1","普通事件","这是普通事件","2021-04-08 08:28:32.865000000"
"6286","0","1","电表:1","普通事件","这是普通事件","2021-04-08 08:28:32.878000000"
"6287","0","1","电表:1","普通事件","这是普通事件","2021-04-08 08:28:32.885000000"
"6288","0","1","电表:1","普通事件","这是普通事件","2021-04-08 08:28:32.891000000"
"6289","0","1","电表:1","普通事件","这是普通事件","2021-04-08 08:28:32.898000000"
"6291","0","1","电表:1","普通事件","这是普通事件","2021-04-08 08:28:32.911000000"
"6292","0","1","电表:1","普通事件","这是普通事件","2021-04-08 08:28:32.917000000"
"6293","0","1","电表:1","普通事件","这是普通事件","2021-04-08 08:28:32.923000000"
"6294","0","1","电表:1","普通事件","这是普通事件","2021-04-08 08:28:32.929000000"
"6296","0","1","电表:1","普通事件","这是普通事件","2021-04-08 08:28:32.942000000"
"6297","0","1","电表:1","普通事件","这是普通事件","2021-04-08 08:28:32.949000000"
"6298","0","1","电表:1","普通事件","这是普通事件","2021-04-08 08:28:32.955000000"
"6299","0","1","电表:1","普通事件","这是普通事件","2021-04-08 08:28:32.961000000"
"6301","0","1","电表:1","普通事件","这是普通事件","2021-04-08 08:28:32.975000000"
"6302","0","1","电表:1","普通事件","这是普通事件","2021-04-08 08:28:32.981000000"
"6303","0","1","电表:1","普通事件","这是普通事件","2021-04-08 08:28:32.987000000"
"6304","0","1","电表:1","普通事件","这是普通事件","2021-04-08 08:28:32.994000000"
"6306","0","1","电表:1","普通事件","这是普通事件","2021-04-08 08:28:33.006000000"
"6307","0","1","电表:1","普通事件","这是普通事件","2021-04-08 08:28:33.013000000"
"6308","0","1","电表:1","普通事件","这是普通事件","2021-04-08 08:28:33.019000000"
"6309","0","1","电表:1","普通事件","这是普通事件","2021-04-08 08:28:33.025000000"
"6311","0","1","电表:1","普通事件","这是普通事件","2021-04-08 08:28:33.038000000"
"6312","0","1","电表:1","普通事件","这是普通事件","2021-04-08 08:28:33.044000000"
"6313","0","1","电表:1","普通事件","这是普通事件","2021-04-08 08:28:33.051000000"
"6314","0","1","电表:1","普通事件","这是普通事件","2021-04-08 08:28:33.057000000"
"6316","0","1","电表:1","普通事件","这是普通事件","2021-04-08 08:28:33.070000000"
"6317","0","1","电表:1","普通事件","这是普通事件","2021-04-08 08:28:33.076000000"
"6318","0","1","电表:1","普通事件","这是普通事件","2021-04-08 08:28:33.083000000"
"6319","0","1","电表:1","普通事件","这是普通事件","2021-04-08 08:28:33.089000000"
"6321","0","1","电表:1","普通事件","这是普通事件","2021-04-08 08:28:33.102000000"
"6322","0","1","电表:1","普通事件","这是普通事件","2021-04-08 08:28:33.108000000"
"6323","0","1","电表:1","普通事件","这是普通事件","2021-04-08 08:28:33.115000000"
"6324","0","1","电表:1","普通事件","这是普通事件","2021-04-08 08:28:33.121000000"
"6326","0","1","电表:1","普通事件","这是普通事件","2021-04-08 08:28:33.135000000"
"6327","0","1","电表:1","普通事件","这是普通事件","2021-04-08 08:28:33.141000000"
"6328","0","1","电表:1","普通事件","这是普通事件","2021-04-08 08:28:33.150000000"
"6329","0","1","电表:1","普通事件","这是普通事件","2021-04-08 08:28:33.157000000"
"6331","0","1","电表:1","普通事件","这是普通事件","2021-04-08 08:28:33.169000000"
"6332","0","1","电表:1","普通事件","这是普通事件","2021-04-08 08:28:33.175000000"
"6333","0","1","电表:1","普通事件","这是普通事件","2021-04-08 08:28:33.182000000"
"6334","0","1","电表:1","普通事件","这是普通事件","2021-04-08 08:28:33.188000000"
"6336","0","1","电表:1","普通事件","这是普通事件","2021-04-08 08:28:33.201000000"
"6337","0","1","电表:1","普通事件","这是普通事件","2021-04-08 08:28:33.207000000"
"6338","0","1","电表:1","普通事件","这是普通事件","2021-04-08 08:28:33.214000000"
"6339","0","1","电表:1","普通事件","这是普通事件","2021-04-08 08:28:33.220000000"
"6341","0","1","电表:1","普通事件","这是普通事件","2021-04-08 08:28:33.233000000"
"6342","0","1","电表:1","普通事件","这是普通事件","2021-04-08 08:28:33.239000000"
"6343","0","1","电表:1","普通事件","这是普通事件","2021-04-08 08:28:33.245000000"
"6344","0","1","电表:1","普通事件","这是普通事件","2021-04-08 08:28:33.251000000"
"6346","0","1","电表:1","普通事件","这是普通事件","2021-04-08 08:28:33.264000000"
"6347","0","1","电表:1","普通事件","这是普通事件","2021-04-08 08:28:33.270000000"
"6348","0","1","电表:1","普通事件","这是普通事件","2021-04-08 08:28:33.277000000"
"6349","0","1","电表:1","普通事件","这是普通事件","2021-04-08 08:28:33.283000000"
"6351","0","1","电表:1","普通事件","这是普通事件","2021-04-08 08:28:33.296000000"
"6352","0","1","电表:1","普通事件","这是普通事件","2021-04-08 08:28:33.303000000"
"6353","0","1","电表:1","普通事件","这是普通事件","2021-04-08 08:28:33.309000000"
"6354","0","1","电表:1","普通事件","这是普通事件","2021-04-08 08:28:33.315000000"
"6356","0","1","电表:1","普通事件","这是普通事件","2021-04-08 08:28:33.329000000"
"6357","0","1","电表:1","普通事件","这是普通事件","2021-04-08 08:28:33.336000000"
"6358","0","1","电表:1","普通事件","这是普通事件","2021-04-08 08:28:33.342000000"
"6359","0","1","电表:1","普通事件","这是普通事件","2021-04-08 08:28:33.349000000"
"6361","0","1","电表:1","普通事件","这是普通事件","2021-04-08 08:28:33.362000000"
"6362","0","1","电表:1","普通事件","这是普通事件","2021-04-08 08:28:33.368000000"
"6363","0","1","电表:1","普通事件","这是普通事件","2021-04-08 08:28:33.376000000"
"6364","0","1","电表:1","普通事件","这是普通事件","2021-04-08 08:28:33.383000000"
"6366","0","1","电表:1","普通事件","这是普通事件","2021-04-08 08:28:33.396000000"
"6367","0","1","电表:1","普通事件","这是普通事件","2021-04-08 08:28:33.403000000"
"6368","0","1","电表:1","普通事件","这是普通事件","2021-04-08 08:28:33.410000000"
"6369","0","1","电表:1","普通事件","这是普通事件","2021-04-08 08:28:33.416000000"
"6371","0","1","电表:1","普通事件","这是普通事件","2021-04-08 08:28:33.429000000"
"6372","0","1","电表:1","普通事件","这是普通事件","2021-04-08 08:28:33.436000000"
"6373","0","1","电表:1","普通事件","这是普通事件","2021-04-08 08:28:33.442000000"
"6374","0","1","电表:1","普通事件","这是普通事件","2021-04-08 08:28:33.448000000"
"6376","0","1","电表:1","普通事件","这是普通事件","2021-04-08 08:28:33.461000000"
"6377","0","1","电表:1","普通事件","这是普通事件","2021-04-08 08:28:33.468000000"
"6378","0","1","电表:1","普通事件","这是普通事件","2021-04-08 08:28:33.474000000"
"6379","0","1","电表:1","普通事件","这是普通事件","2021-04-08 08:28:33.481000000"
"6381","0","1","电表:1","普通事件","这是普通事件","2021-04-08 08:28:33.497000000"
"6382","0","1","电表:1","普通事件","这是普通事件","2021-04-08 08:28:33.503000000"
"6383","0","1","电表:1","普通事件","这是普通事件","2021-04-08 08:28:33.510000000"
"6384","0","1","电表:1","普通事件","这是普通事件","2021-04-08 08:28:33.517000000"
"6386","0","1","电表:1","普通事件","这是普通事件","2021-04-08 08:28:33.529000000"
"6387","0","1","电表:1","普通事件","这是普通事件","2021-04-08 08:28:33.536000000"
"6388","0","1","电表:1","普通事件","这是普通事件","2021-04-08 08:28:33.543000000"
"6389","0","1","电表:1","普通事件","这是普通事件","2021-04-08 08:28:33.550000000"
"6391","0","1","电表:1","普通事件","这是普通事件","2021-04-08 08:28:33.564000000"
"6392","0","1","电表:1","普通事件","这是普通事件","2021-04-08 08:28:33.571000000"
"6393","0","1","电表:1","普通事件","这是普通事件","2021-04-08 08:28:33.578000000"
"6394","0","1","电表:1","普通事件","这是普通事件","2021-04-08 08:28:33.585000000"
"6396","0","1","电表:1","普通事件","这是普通事件","2021-04-08 08:28:33.598000000"
"6397","0","1","电表:1","普通事件","这是普通事件","2021-04-08 08:28:33.605000000"
"6398","0","1","电表:1","普通事件","这是普通事件","2021-04-08 08:28:33.611000000"
"6399","0","1","电表:1","普通事件","这是普通事件","2021-04-08 08:28:33.618000000"
"6401","0","1","电表:1","普通事件","这是普通事件","2021-04-08 08:28:33.632000000"
"6402","0","1","电表:1","普通事件","这是普通事件","2021-04-08 08:28:33.639000000"
"6403","0","1","电表:1","普通事件","这是普通事件","2021-04-08 08:28:33.645000000"
"6404","0","1","电表:1","普通事件","这是普通事件","2021-04-08 08:28:33.651000000"
"6406","0","1","电表:1","普通事件","这是普通事件","2021-04-08 08:28:33.664000000"
"6407","0","1","电表:1","普通事件","这是普通事件","2021-04-08 08:28:33.671000000"
"6408","0","1","电表:1","普通事件","这是普通事件","2021-04-08 08:28:33.677000000"
"6409","0","1","电表:1","普通事件","这是普通事件","2021-04-08 08:28:33.683000000"
"6411","0","1","电表:1","普通事件","这是普通事件","2021-04-08 08:28:33.696000000"
"6412","0","1","电表:1","普通事件","这是普通事件","2021-04-08 08:28:33.702000000"
"6413","0","1","电表:1","普通事件","这是普通事件","2021-04-08 08:28:33.709000000"
"6414","0","1","电表:1","普通事件","这是普通事件","2021-04-08 08:28:33.716000000"
"6416","0","1","电表:1","普通事件","这是普通事件","2021-04-08 08:28:33.730000000"
"6417","0","1","电表:1","普通事件","这是普通事件","2021-04-08 08:28:33.739000000"
"6418","0","1","电表:1","普通事件","这是普通事件","2021-04-08 08:28:33.746000000"
"6419","0","1","电表:1","普通事件","这是普通事件","2021-04-08 08:28:33.752000000"
"6421","0","1","电表:1","普通事件","这是普通事件","2021-04-08 08:28:33.765000000"
"6422","0","1","电表:1","普通事件","这是普通事件","2021-04-08 08:28:33.771000000"
"6423","0","1","电表:1","普通事件","这是普通事件","2021-04-08 08:28:33.778000000"
"6424","0","1","电表:1","普通事件","这是普通事件","2021-04-08 08:28:33.785000000"
"6426","0","1","电表:1","普通事件","这是普通事件","2021-04-08 08:28:33.798000000"
"6427","0","1","电表:1","普通事件","这是普通事件","2021-04-08 08:28:33.804000000"
"6428","0","1","电表:1","普通事件","这是普通事件","2021-04-08 08:28:33.811000000"
"6429","0","1","电表:1","普通事件","这是普通事件","2021-04-08 08:28:33.818000000"
"6431","0","1","电表:1","普通事件","这是普通事件","2021-04-08 08:28:33.831000000"
"6432","0","1","电表:1","普通事件","这是普通事件","2021-04-08 08:28:33.838000000"
"6433","0","1","电表:1","普通事件","这是普通事件","2021-04-08 08:28:33.844000000"
"6434","0","1","电表:1","普通事件","这是普通事件","2021-04-08 08:28:33.851000000"
"6436","0","1","电表:1","普通事件","这是普通事件","2021-04-08 08:28:33.864000000"
"6437","0","1","电表:1","普通事件","这是普通事件","2021-04-08 08:28:33.870000000"
"6438","0","1","电表:1","普通事件","这是普通事件","2021-04-08 08:28:33.876000000"
"6439","0","1","电表:1","普通事件","这是普通事件","2021-04-08 08:28:33.883000000"
"6441","0","1","电表:1","普通事件","这是普通事件","2021-04-08 08:28:33.896000000"
"6442","0","1","电表:1","普通事件","这是普通事件","2021-04-08 08:28:33.903000000"
"6443","0","1","电表:1","普通事件","这是普通事件","2021-04-08 08:28:33.909000000"
"6444","0","1","电表:1","普通事件","这是普通事件","2021-04-08 08:28:33.917000000"
"6446","0","1","电表:1","普通事件","这是普通事件","2021-04-08 08:28:33.932000000"
"6447","0","1","电表:1","普通事件","这是普通事件","2021-04-08 08:28:33.938000000"
"6448","0","1","电表:1","普通事件","这是普通事件","2021-04-08 08:28:33.945000000"
"6449","0","1","电表:1","普通事件","这是普通事件","2021-04-08 08:28:33.952000000"
"6451","0","1","电表:1","普通事件","这是普通事件","2021-04-08 08:28:33.965000000"
"6452","0","1","电表:1","普通事件","这是普通事件","2021-04-08 08:28:33.971000000"
"6453","0","1","电表:1","普通事件","这是普通事件","2021-04-08 08:28:33.977000000"
"6454","0","1","电表:1","普通事件","这是普通事件","2021-04-08 08:28:33.984000000"
"6456","0","1","电表:1","普通事件","这是普通事件","2021-04-08 08:28:33.997000000"
"6457","0","1","电表:1","普通事件","这是普通事件","2021-04-08 08:28:34.003000000"
"6458","0","1","电表:1","普通事件","这是普通事件","2021-04-08 08:28:34.010000000"
"6459","0","1","电表:1","普通事件","这是普通事件","2021-04-08 08:28:34.016000000"
"6461","0","1","电表:1","普通事件","这是普通事件","2021-04-08 08:28:34.029000000"
"6462","0","1","电表:1","普通事件","这是普通事件","2021-04-08 08:28:34.036000000"
"6463","0","1","电表:1","普通事件","这是普通事件","2021-04-08 08:28:34.042000000"
"6464","0","1","电表:1","普通事件","这是普通事件","2021-04-08 08:28:34.049000000"
"6466","0","1","电表:1","普通事件","这是普通事件","2021-04-08 08:28:34.061000000"
"6467","0","1","电表:1","普通事件","这是普通事件","2021-04-08 08:28:34.067000000"
"6468","0","1","电表:1","普通事件","这是普通事件","2021-04-08 08:28:34.074000000"
"6469","0","1","电表:1","普通事件","这是普通事件","2021-04-08 08:28:34.080000000"
"6471","0","1","电表:1","普通事件","这是普通事件","2021-04-08 08:28:34.093000000"
"6472","0","1","电表:1","普通事件","这是普通事件","2021-04-08 08:28:34.100000000"
"6473","0","1","电表:1","普通事件","这是普通事件","2021-04-08 08:28:34.106000000"
"6474","0","1","电表:1","普通事件","这是普通事件","2021-04-08 08:28:34.113000000"
"6476","0","1","电表:1","普通事件","这是普通事件","2021-04-08 08:28:34.126000000"
"6477","0","1","电表:1","普通事件","这是普通事件","2021-04-08 08:28:34.133000000"
"6478","0","1","电表:1","普通事件","这是普通事件","2021-04-08 08:28:34.139000000"
"6479","0","1","电表:1","普通事件","这是普通事件","2021-04-08 08:28:34.147000000"
"6481","0","1","电表:1","普通事件","这是普通事件","2021-04-08 08:28:34.163000000"
"6482","0","1","电表:1","普通事件","这是普通事件","2021-04-08 08:28:34.171000000"
"6483","0","1","电表:1","普通事件","这是普通事件","2021-04-08 08:28:34.178000000"
"6484","0","1","电表:1","普通事件","这是普通事件","2021-04-08 08:28:34.184000000"
"6486","0","1","电表:1","普通事件","这是普通事件","2021-04-08 08:28:34.197000000"
"6487","0","1","电表:1","普通事件","这是普通事件","2021-04-08 08:28:34.204000000"
"6488","0","1","电表:1","普通事件","这是普通事件","2021-04-08 08:28:34.210000000"
"6489","0","1","电表:1","普通事件","这是普通事件","2021-04-08 08:28:34.217000000"
"6491","0","1","电表:1","普通事件","这是普通事件","2021-04-08 08:28:34.231000000"
"6492","0","1","电表:1","普通事件","这是普通事件","2021-04-08 08:28:34.239000000"
"6493","0","1","电表:1","普通事件","这是普通事件","2021-04-08 08:28:34.245000000"
"6494","0","1","电表:1","普通事件","这是普通事件","2021-04-08 08:28:34.252000000"
"6496","0","1","电表:1","普通事件","这是普通事件","2021-04-08 08:28:34.265000000"
"6497","0","1","电表:1","普通事件","这是普通事件","2021-04-08 08:28:34.272000000"
"6498","0","1","电表:1","普通事件","这是普通事件","2021-04-08 08:28:34.279000000"
"6499","0","1","电表:1","普通事件","这是普通事件","2021-04-08 08:28:34.285000000"
"6501","0","1","电表:1","普通事件","这是普通事件","2021-04-08 08:28:34.298000000"
"6502","0","1","电表:1","普通事件","这是普通事件","2021-04-08 08:28:34.304000000"
"6503","0","1","电表:1","普通事件","这是普通事件","2021-04-08 08:28:34.310000000"
"6504","0","1","电表:1","普通事件","这是普通事件","2021-04-08 08:28:34.317000000"
"6506","0","1","电表:1","普通事件","这是普通事件","2021-04-08 08:28:34.329000000"
"6507","0","1","电表:1","普通事件","这是普通事件","2021-04-08 08:28:34.335000000"
"6508","0","1","电表:1","普通事件","这是普通事件","2021-04-08 08:28:34.342000000"
"6509","0","1","电表:1","普通事件","这是普通事件","2021-04-08 08:28:34.348000000"
"6511","0","1","电表:1","普通事件","这是普通事件","2021-04-08 08:28:34.360000000"
"6512","0","1","电表:1","普通事件","这是普通事件","2021-04-08 08:28:34.366000000"
"6513","0","1","电表:1","普通事件","这是普通事件","2021-04-08 08:28:34.373000000"
"6514","0","1","电表:1","普通事件","这是普通事件","2021-04-08 08:28:34.379000000"
"6516","0","1","电表:1","普通事件","这是普通事件","2021-04-08 08:28:34.392000000"
"6517","0","1","电表:1","普通事件","这是普通事件","2021-04-08 08:28:34.398000000"
"6518","0","1","电表:1","普通事件","这是普通事件","2021-04-08 08:28:34.405000000"
"6519","0","1","电表:1","普通事件","这是普通事件","2021-04-08 08:28:34.411000000"
"6521","0","1","电表:1","普通事件","这是普通事件","2021-04-08 08:28:34.424000000"
"6522","0","1","电表:1","普通事件","这是普通事件","2021-04-08 08:28:34.430000000"
"6523","0","1","电表:1","普通事件","这是普通事件","2021-04-08 08:28:34.436000000"
"6524","0","1","电表:1","普通事件","这是普通事件","2021-04-08 08:28:34.443000000"
"6526","0","1","电表:1","普通事件","这是普通事件","2021-04-08 08:28:34.456000000"
"6527","0","1","电表:1","普通事件","这是普通事件","2021-04-08 08:28:34.462000000"
"6528","0","1","电表:1","普通事件","这是普通事件","2021-04-08 08:28:34.469000000"
"6529","0","1","电表:1","普通事件","这是普通事件","2021-04-08 08:28:34.476000000"
"6531","0","1","电表:1","普通事件","这是普通事件","2021-04-08 08:28:34.491000000"
"6532","0","1","电表:1","普通事件","这是普通事件","2021-04-08 08:28:34.499000000"
"6533","0","1","电表:1","普通事件","这是普通事件","2021-04-08 08:28:34.506000000"
"6534","0","1","电表:1","普通事件","这是普通事件","2021-04-08 08:28:34.512000000"
"6536","0","1","电表:1","普通事件","这是普通事件","2021-04-08 08:28:34.526000000"
"6537","0","1","电表:1","普通事件","这是普通事件","2021-04-08 08:28:34.532000000"
"6538","0","1","电表:1","普通事件","这是普通事件","2021-04-08 08:28:34.539000000"
"6539","0","1","电表:1","普通事件","这是普通事件","2021-04-08 08:28:34.547000000"
"6541","0","1","电表:1","普通事件","这是普通事件","2021-04-08 08:28:34.560000000"
"6542","0","1","电表:1","普通事件","这是普通事件","2021-04-08 08:28:34.566000000"
"6543","0","1","电表:1","普通事件","这是普通事件","2021-04-08 08:28:34.572000000"
"6544","0","1","电表:1","普通事件","这是普通事件","2021-04-08 08:28:34.579000000"
"6546","0","1","电表:1","普通事件","这是普通事件","2021-04-08 08:28:34.593000000"
"6547","0","1","电表:1","普通事件","这是普通事件","2021-04-08 08:28:34.600000000"
"6548","0","1","电表:1","普通事件","这是普通事件","2021-04-08 08:28:34.607000000"
"6549","0","1","电表:1","普通事件","这是普通事件","2021-04-08 08:28:34.614000000"
"6551","0","1","电表:1","普通事件","这是普通事件","2021-04-08 08:28:34.628000000"
"6552","0","1","电表:1","普通事件","这是普通事件","2021-04-08 08:28:34.635000000"
"6553","0","1","电表:1","普通事件","这是普通事件","2021-04-08 08:28:34.642000000"
"6554","0","1","电表:1","普通事件","这是普通事件","2021-04-08 08:28:34.649000000"
"6556","0","1","电表:1","普通事件","这是普通事件","2021-04-08 08:28:34.662000000"
"6557","0","1","电表:1","普通事件","这是普通事件","2021-04-08 08:28:34.669000000"
"6558","0","1","电表:1","普通事件","这是普通事件","2021-04-08 08:28:34.675000000"
"6559","0","1","电表:1","普通事件","这是普通事件","2021-04-08 08:28:34.682000000"
"6561","0","1","电表:1","普通事件","这是普通事件","2021-04-08 08:28:34.696000000"
"6562","0","1","电表:1","普通事件","这是普通事件","2021-04-08 08:28:34.704000000"
"6563","0","1","电表:1","普通事件","这是普通事件","2021-04-08 08:28:34.710000000"
"6564","0","1","电表:1","普通事件","这是普通事件","2021-04-08 08:28:34.717000000"
"6566","0","1","电表:1","普通事件","这是普通事件","2021-04-08 08:28:34.730000000"
"6567","0","1","电表:1","普通事件","这是普通事件","2021-04-08 08:28:34.737000000"
"6568","0","1","电表:1","普通事件","这是普通事件","2021-04-08 08:28:34.743000000"
"6569","0","1","电表:1","普通事件","这是普通事件","2021-04-08 08:28:34.749000000"
"6571","0","1","电表:1","普通事件","这是普通事件","2021-04-08 08:28:34.763000000"
"6572","0","1","电表:1","普通事件","这是普通事件","2021-04-08 08:28:34.769000000"
"6573","0","1","电表:1","普通事件","这是普通事件","2021-04-08 08:28:34.776000000"
"6574","0","1","电表:1","普通事件","这是普通事件","2021-04-08 08:28:34.782000000"
"6576","0","1","电表:1","普通事件","这是普通事件","2021-04-08 08:28:34.795000000"
"6577","0","1","电表:1","普通事件","这是普通事件","2021-04-08 08:28:34.802000000"
"6578","0","1","电表:1","普通事件","这是普通事件","2021-04-08 08:28:34.809000000"
"6579","0","1","电表:1","普通事件","这是普通事件","2021-04-08 08:28:34.815000000"
"6581","0","1","电表:1","普通事件","这是普通事件","2021-04-08 08:28:34.831000000"
"6582","0","1","电表:1","普通事件","这是普通事件","2021-04-08 08:28:34.837000000"
"6583","0","1","电表:1","普通事件","这是普通事件","2021-04-08 08:28:34.843000000"
"6584","0","1","电表:1","普通事件","这是普通事件","2021-04-08 08:28:34.849000000"
"6586","0","1","电表:1","普通事件","这是普通事件","2021-04-08 08:28:34.862000000"
"6587","0","1","电表:1","普通事件","这是普通事件","2021-04-08 08:28:34.869000000"
"6588","0","1","电表:1","普通事件","这是普通事件","2021-04-08 08:28:34.875000000"
"6589","0","1","电表:1","普通事件","这是普通事件","2021-04-08 08:28:34.881000000"
"6591","0","1","电表:1","普通事件","这是普通事件","2021-04-08 08:28:34.895000000"
"6592","0","1","电表:1","普通事件","这是普通事件","2021-04-08 08:28:34.902000000"
"6593","0","1","电表:1","普通事件","这是普通事件","2021-04-08 08:28:34.910000000"
"6594","0","1","电表:1","普通事件","这是普通事件","2021-04-08 08:28:34.917000000"
"6596","0","1","电表:1","普通事件","这是普通事件","2021-04-08 08:28:34.931000000"
"6597","0","1","电表:1","普通事件","这是普通事件","2021-04-08 08:28:34.937000000"
"6598","0","1","电表:1","普通事件","这是普通事件","2021-04-08 08:28:34.944000000"
"6599","0","1","电表:1","普通事件","这是普通事件","2021-04-08 08:28:34.951000000"
"6601","0","1","电表:1","普通事件","这是普通事件","2021-04-08 08:28:34.969000000"
"6602","0","1","电表:1","普通事件","这是普通事件","2021-04-08 08:28:34.975000000"
"6603","0","1","电表:1","普通事件","这是普通事件","2021-04-08 08:28:34.982000000"
"6604","0","1","电表:1","普通事件","这是普通事件","2021-04-08 08:28:34.989000000"
"6606","0","1","电表:1","普通事件","这是普通事件","2021-04-08 08:28:35.002000000"
"6607","0","1","电表:1","普通事件","这是普通事件","2021-04-08 08:28:35.013000000"
"6608","0","1","电表:1","普通事件","这是普通事件","2021-04-08 08:28:35.021000000"
"6609","0","1","电表:1","普通事件","这是普通事件","2021-04-08 08:28:35.028000000"
"6611","0","1","电表:1","普通事件","这是普通事件","2021-04-08 08:28:35.043000000"
"6612","0","1","电表:1","普通事件","这是普通事件","2021-04-08 08:28:35.052000000"
"6613","0","1","电表:1","普通事件","这是普通事件","2021-04-08 08:28:35.059000000"
"6614","0","1","电表:1","普通事件","这是普通事件","2021-04-08 08:28:35.067000000"
"6616","0","1","电表:1","普通事件","这是普通事件","2021-04-08 08:28:35.084000000"
"6617","0","1","电表:1","普通事件","这是普通事件","2021-04-08 08:28:35.091000000"
"6618","0","1","电表:1","普通事件","这是普通事件","2021-04-08 08:28:35.097000000"
"6619","0","1","电表:1","普通事件","这是普通事件","2021-04-08 08:28:35.106000000"
"6621","0","1","电表:1","普通事件","这是普通事件","2021-04-08 08:28:35.119000000"
"6622","0","1","电表:1","普通事件","这是普通事件","2021-04-08 08:28:35.125000000"
"6623","0","1","电表:1","普通事件","这是普通事件","2021-04-08 08:28:35.132000000"
"6624","0","1","电表:1","普通事件","这是普通事件","2021-04-08 08:28:35.138000000"
"6626","0","1","电表:1","普通事件","这是普通事件","2021-04-08 08:28:35.151000000"
"6627","0","1","电表:1","普通事件","这是普通事件","2021-04-08 08:28:35.157000000"
"6628","0","1","电表:1","普通事件","这是普通事件","2021-04-08 08:28:35.164000000"
"6629","0","1","电表:1","普通事件","这是普通事件","2021-04-08 08:28:35.171000000"
"6631","0","1","电表:1","普通事件","这是普通事件","2021-04-08 08:28:35.184000000"
"6632","0","1","电表:1","普通事件","这是普通事件","2021-04-08 08:28:35.192000000"
"6633","0","1","电表:1","普通事件","这是普通事件","2021-04-08 08:28:35.198000000"
"6634","0","1","电表:1","普通事件","这是普通事件","2021-04-08 08:28:35.205000000"
"6636","0","1","电表:1","普通事件","这是普通事件","2021-04-08 08:28:35.219000000"
"6637","0","1","电表:1","普通事件","这是普通事件","2021-04-08 08:28:35.228000000"
"6638","0","1","电表:1","普通事件","这是普通事件","2021-04-08 08:28:35.235000000"
"6639","0","1","电表:1","普通事件","这是普通事件","2021-04-08 08:28:35.242000000"
"6641","0","1","电表:1","普通事件","这是普通事件","2021-04-08 08:28:35.255000000"
"6642","0","1","电表:1","普通事件","这是普通事件","2021-04-08 08:28:35.261000000"
"6643","0","1","电表:1","普通事件","这是普通事件","2021-04-08 08:28:35.268000000"
"6644","0","1","电表:1","普通事件","这是普通事件","2021-04-08 08:28:35.274000000"
"6646","0","1","电表:1","普通事件","这是普通事件","2021-04-08 08:28:35.292000000"
"6647","0","1","电表:1","普通事件","这是普通事件","2021-04-08 08:28:35.299000000"
"6648","0","1","电表:1","普通事件","这是普通事件","2021-04-08 08:28:35.306000000"
"6649","0","1","电表:1","普通事件","这是普通事件","2021-04-08 08:28:35.313000000"
"6651","0","1","电表:1","普通事件","这是普通事件","2021-04-08 08:28:35.327000000"
"6652","0","1","电表:1","普通事件","这是普通事件","2021-04-08 08:28:35.333000000"
"6653","0","1","电表:1","普通事件","这是普通事件","2021-04-08 08:28:35.340000000"
"6654","0","1","电表:1","普通事件","这是普通事件","2021-04-08 08:28:35.346000000"
"6656","0","1","电表:1","普通事件","这是普通事件","2021-04-08 08:28:35.359000000"
"6657","0","1","电表:1","普通事件","这是普通事件","2021-04-08 08:28:35.366000000"
"6658","0","1","电表:1","普通事件","这是普通事件","2021-04-08 08:28:35.372000000"
"6659","0","1","电表:1","普通事件","这是普通事件","2021-04-08 08:28:35.380000000"
"6661","0","1","电表:1","普通事件","这是普通事件","2021-04-08 08:28:35.393000000"
"6662","0","1","电表:1","普通事件","这是普通事件","2021-04-08 08:28:35.400000000"
"6663","0","1","电表:1","普通事件","这是普通事件","2021-04-08 08:28:35.407000000"
"6664","0","1","电表:1","普通事件","这是普通事件","2021-04-08 08:28:35.413000000"
"6666","0","1","电表:1","普通事件","这是普通事件","2021-04-08 08:28:35.426000000"
"6667","0","1","电表:1","普通事件","这是普通事件","2021-04-08 08:28:35.433000000"
"6668","0","1","电表:1","普通事件","这是普通事件","2021-04-08 08:28:35.440000000"
"6669","0","1","电表:1","普通事件","这是普通事件","2021-04-08 08:28:35.446000000"
"6671","0","1","电表:1","普通事件","这是普通事件","2021-04-08 08:28:35.461000000"
"6672","0","1","电表:1","普通事件","这是普通事件","2021-04-08 08:28:35.467000000"
"6673","0","1","电表:1","普通事件","这是普通事件","2021-04-08 08:28:35.474000000"
"6674","0","1","电表:1","普通事件","这是普通事件","2021-04-08 08:28:35.480000000"
"6676","0","1","电表:1","普通事件","这是普通事件","2021-04-08 08:28:35.493000000"
"6677","0","1","电表:1","普通事件","这是普通事件","2021-04-08 08:28:35.499000000"
"6678","0","1","电表:1","普通事件","这是普通事件","2021-04-08 08:28:35.506000000"
"6679","0","1","电表:1","普通事件","这是普通事件","2021-04-08 08:28:35.514000000"
"6681","0","1","电表:1","普通事件","这是普通事件","2021-04-08 08:28:35.530000000"
"6682","0","1","电表:1","普通事件","这是普通事件","2021-04-08 08:28:35.537000000"
"6683","0","1","电表:1","普通事件","这是普通事件","2021-04-08 08:28:35.544000000"
"6684","0","1","电表:1","普通事件","这是普通事件","2021-04-08 08:28:35.551000000"
"6686","0","1","电表:1","普通事件","这是普通事件","2021-04-08 08:28:35.564000000"
"6687","0","1","电表:1","普通事件","这是普通事件","2021-04-08 08:28:35.571000000"
"6688","0","1","电表:1","普通事件","这是普通事件","2021-04-08 08:28:35.581000000"
"6689","0","1","电表:1","普通事件","这是普通事件","2021-04-08 08:28:35.588000000"
"6691","0","1","电表:1","普通事件","这是普通事件","2021-04-08 08:28:35.602000000"
"6692","0","1","电表:1","普通事件","这是普通事件","2021-04-08 08:28:35.609000000"
"6693","0","1","电表:1","普通事件","这是普通事件","2021-04-08 08:28:35.616000000"
"6694","0","1","电表:1","普通事件","这是普通事件","2021-04-08 08:28:35.623000000"
"6696","0","1","电表:1","普通事件","这是普通事件","2021-04-08 08:28:35.636000000"
"6697","0","1","电表:1","普通事件","这是普通事件","2021-04-08 08:28:35.643000000"
"6698","0","1","电表:1","普通事件","这是普通事件","2021-04-08 08:28:35.649000000"
"6699","0","1","电表:1","普通事件","这是普通事件","2021-04-08 08:28:35.655000000"
"6701","0","1","电表:1","普通事件","这是普通事件","2021-04-08 08:28:35.672000000"
"6702","0","1","电表:1","普通事件","这是普通事件","2021-04-08 08:28:35.679000000"
"6703","0","1","电表:1","普通事件","这是普通事件","2021-04-08 08:28:35.687000000"
"6704","0","1","电表:1","普通事件","这是普通事件","2021-04-08 08:28:35.696000000"
"6706","0","1","电表:1","普通事件","这是普通事件","2021-04-08 08:28:35.709000000"
"6707","0","1","电表:1","普通事件","这是普通事件","2021-04-08 08:28:35.715000000"
"6708","0","1","电表:1","普通事件","这是普通事件","2021-04-08 08:28:35.721000000"
"6709","0","1","电表:1","普通事件","这是普通事件","2021-04-08 08:28:35.728000000"
"6711","0","1","电表:1","普通事件","这是普通事件","2021-04-08 08:28:35.741000000"
"6712","0","1","电表:1","普通事件","这是普通事件","2021-04-08 08:28:35.747000000"
"6713","0","1","电表:1","普通事件","这是普通事件","2021-04-08 08:28:35.754000000"
"6714","0","1","电表:1","普通事件","这是普通事件","2021-04-08 08:28:35.760000000"
"6716","0","1","电表:1","普通事件","这是普通事件","2021-04-08 08:28:35.773000000"
"6717","0","1","电表:1","普通事件","这是普通事件","2021-04-08 08:28:35.779000000"
"6718","0","1","电表:1","普通事件","这是普通事件","2021-04-08 08:28:35.785000000"
"6719","0","1","电表:1","普通事件","这是普通事件","2021-04-08 08:28:35.793000000"
"6721","0","1","电表:1","普通事件","这是普通事件","2021-04-08 08:28:35.806000000"
"6722","0","1","电表:1","普通事件","这是普通事件","2021-04-08 08:28:35.813000000"
"6723","0","1","电表:1","普通事件","这是普通事件","2021-04-08 08:28:35.820000000"
"6724","0","1","电表:1","普通事件","这是普通事件","2021-04-08 08:28:35.828000000"
"6726","0","1","电表:1","普通事件","这是普通事件","2021-04-08 08:28:35.841000000"
"6727","0","1","电表:1","普通事件","这是普通事件","2021-04-08 08:28:35.848000000"
"6728","0","1","电表:1","普通事件","这是普通事件","2021-04-08 08:28:35.855000000"
"6729","0","1","电表:1","普通事件","这是普通事件","2021-04-08 08:28:35.861000000"
"6731","0","1","电表:1","普通事件","这是普通事件","2021-04-08 08:28:35.874000000"
"6732","0","1","电表:1","普通事件","这是普通事件","2021-04-08 08:28:35.882000000"
"6733","0","1","电表:1","普通事件","这是普通事件","2021-04-08 08:28:35.889000000"
"6734","0","1","电表:1","普通事件","这是普通事件","2021-04-08 08:28:35.896000000"
"6736","0","1","电表:1","普通事件","这是普通事件","2021-04-08 08:28:35.909000000"
"6737","0","1","电表:1","普通事件","这是普通事件","2021-04-08 08:28:35.916000000"
"6738","0","1","电表:1","普通事件","这是普通事件","2021-04-08 08:28:35.923000000"
"6739","0","1","电表:1","普通事件","这是普通事件","2021-04-08 08:28:35.929000000"
"6741","0","1","电表:1","普通事件","这是普通事件","2021-04-08 08:28:35.942000000"
"6742","0","1","电表:1","普通事件","这是普通事件","2021-04-08 08:28:35.948000000"
"6743","0","1","电表:1","普通事件","这是普通事件","2021-04-08 08:28:35.955000000"
"6744","0","1","电表:1","普通事件","这是普通事件","2021-04-08 08:28:35.961000000"
"6746","0","1","电表:1","普通事件","这是普通事件","2021-04-08 08:28:35.974000000"
"6747","0","1","电表:1","普通事件","这是普通事件","2021-04-08 08:28:35.981000000"
"6748","0","1","电表:1","普通事件","这是普通事件","2021-04-08 08:28:35.987000000"
"6749","0","1","电表:1","普通事件","这是普通事件","2021-04-08 08:28:35.994000000"
"6751","0","1","电表:1","普通事件","这是普通事件","2021-04-08 08:28:36.009000000"
"6752","0","1","电表:1","普通事件","这是普通事件","2021-04-08 08:28:36.017000000"
"6753","0","1","电表:1","普通事件","这是普通事件","2021-04-08 08:28:36.024000000"
"6754","0","1","电表:1","普通事件","这是普通事件","2021-04-08 08:28:36.031000000"
"6756","0","1","电表:1","普通事件","这是普通事件","2021-04-08 08:28:36.045000000"
"6757","0","1","电表:1","普通事件","这是普通事件","2021-04-08 08:28:36.051000000"
"6758","0","1","电表:1","普通事件","这是普通事件","2021-04-08 08:28:36.058000000"
"6759","0","1","电表:1","普通事件","这是普通事件","2021-04-08 08:28:36.065000000"
"6761","0","1","电表:1","普通事件","这是普通事件","2021-04-08 08:28:36.079000000"
"6762","0","1","电表:1","普通事件","这是普通事件","2021-04-08 08:28:36.086000000"
"6763","0","1","电表:1","普通事件","这是普通事件","2021-04-08 08:28:36.095000000"
"6764","0","1","电表:1","普通事件","这是普通事件","2021-04-08 08:28:36.102000000"
"6766","0","1","电表:1","普通事件","这是普通事件","2021-04-08 08:28:36.118000000"
"6767","0","1","电表:1","普通事件","这是普通事件","2021-04-08 08:28:36.124000000"
"6768","0","1","电表:1","普通事件","这是普通事件","2021-04-08 08:28:36.130000000"
"6769","0","1","电表:1","普通事件","这是普通事件","2021-04-08 08:28:36.137000000"
"6771","0","1","电表:1","普通事件","这是普通事件","2021-04-08 08:28:36.150000000"
"6772","0","1","电表:1","普通事件","这是普通事件","2021-04-08 08:28:36.157000000"
"6773","0","1","电表:1","普通事件","这是普通事件","2021-04-08 08:28:36.163000000"
"6774","0","1","电表:1","普通事件","这是普通事件","2021-04-08 08:28:36.170000000"
"6776","0","1","电表:1","普通事件","这是普通事件","2021-04-08 08:28:36.183000000"
"6777","0","1","电表:1","普通事件","这是普通事件","2021-04-08 08:28:36.190000000"
"6778","0","1","电表:1","普通事件","这是普通事件","2021-04-08 08:28:36.197000000"
"6779","0","1","电表:1","普通事件","这是普通事件","2021-04-08 08:28:36.203000000"
"6781","0","1","电表:1","普通事件","这是普通事件","2021-04-08 08:28:36.217000000"
"6782","0","1","电表:1","普通事件","这是普通事件","2021-04-08 08:28:36.223000000"
"6783","0","1","电表:1","普通事件","这是普通事件","2021-04-08 08:28:36.229000000"
"6784","0","1","电表:1","普通事件","这是普通事件","2021-04-08 08:28:36.236000000"
"6786","0","1","电表:1","普通事件","这是普通事件","2021-04-08 08:28:36.249000000"
"6787","0","1","电表:1","普通事件","这是普通事件","2021-04-08 08:28:36.255000000"
"6788","0","1","电表:1","普通事件","这是普通事件","2021-04-08 08:28:36.262000000"
"6789","0","1","电表:1","普通事件","这是普通事件","2021-04-08 08:28:36.268000000"
"6791","0","1","电表:1","普通事件","这是普通事件","2021-04-08 08:28:36.283000000"
"6792","0","1","电表:1","普通事件","这是普通事件","2021-04-08 08:28:36.302000000"
"6793","0","1","电表:1","普通事件","这是普通事件","2021-04-08 08:28:36.309000000"
"6794","0","1","电表:1","普通事件","这是普通事件","2021-04-08 08:28:36.315000000"
"6796","0","1","电表:1","普通事件","这是普通事件","2021-04-08 08:28:36.328000000"
"6797","0","1","电表:1","普通事件","这是普通事件","2021-04-08 08:28:36.335000000"
"6798","0","1","电表:1","普通事件","这是普通事件","2021-04-08 08:28:36.342000000"
"6799","0","1","电表:1","普通事件","这是普通事件","2021-04-08 08:28:36.349000000"
"6801","0","1","电表:1","普通事件","这是普通事件","2021-04-08 08:28:36.364000000"
"6802","0","1","电表:1","普通事件","这是普通事件","2021-04-08 08:28:36.371000000"
"6803","0","1","电表:1","普通事件","这是普通事件","2021-04-08 08:28:36.377000000"
"6804","0","1","电表:1","普通事件","这是普通事件","2021-04-08 08:28:36.383000000"
"6806","0","1","电表:1","普通事件","这是普通事件","2021-04-08 08:28:36.399000000"
"6807","0","1","电表:1","普通事件","这是普通事件","2021-04-08 08:28:36.406000000"
"6808","0","1","电表:1","普通事件","这是普通事件","2021-04-08 08:28:36.413000000"
"6809","0","1","电表:1","普通事件","这是普通事件","2021-04-08 08:28:36.420000000"
"6811","0","1","电表:1","普通事件","这是普通事件","2021-04-08 08:28:36.433000000"
"6812","0","1","电表:1","普通事件","这是普通事件","2021-04-08 08:28:36.440000000"
"6813","0","1","电表:1","普通事件","这是普通事件","2021-04-08 08:28:36.447000000"
"6814","0","1","电表:1","普通事件","这是普通事件","2021-04-08 08:28:36.455000000"
"6816","0","1","电表:1","普通事件","这是普通事件","2021-04-08 08:28:36.469000000"
"6817","0","1","电表:1","普通事件","这是普通事件","2021-04-08 08:28:36.476000000"
"6818","0","1","电表:1","普通事件","这是普通事件","2021-04-08 08:28:36.484000000"
"6819","0","1","电表:1","普通事件","这是普通事件","2021-04-08 08:28:36.490000000"
"6821","0","1","电表:1","普通事件","这是普通事件","2021-04-08 08:28:36.505000000"
"6822","0","1","电表:1","普通事件","这是普通事件","2021-04-08 08:28:36.512000000"
"6823","0","1","电表:1","普通事件","这是普通事件","2021-04-08 08:28:36.518000000"
"6824","0","1","电表:1","普通事件","这是普通事件","2021-04-08 08:28:36.525000000"
"6826","0","1","电表:1","普通事件","这是普通事件","2021-04-08 08:28:36.539000000"
"6827","0","1","电表:1","普通事件","这是普通事件","2021-04-08 08:28:36.545000000"
"6828","0","1","电表:1","普通事件","这是普通事件","2021-04-08 08:28:36.552000000"
"6829","0","1","电表:1","普通事件","这是普通事件","2021-04-08 08:28:36.558000000"
"6831","0","1","电表:1","普通事件","这是普通事件","2021-04-08 08:28:36.572000000"
"6832","0","1","电表:1","普通事件","这是普通事件","2021-04-08 08:28:36.578000000"
"6833","0","1","电表:1","普通事件","这是普通事件","2021-04-08 08:28:36.585000000"
"6834","0","1","电表:1","普通事件","这是普通事件","2021-04-08 08:28:36.591000000"
"6836","0","1","电表:1","普通事件","这是普通事件","2021-04-08 08:28:36.605000000"
"6837","0","1","电表:1","普通事件","这是普通事件","2021-04-08 08:28:36.612000000"
"6838","0","1","电表:1","普通事件","这是普通事件","2021-04-08 08:28:36.621000000"
"6839","0","1","电表:1","普通事件","这是普通事件","2021-04-08 08:28:36.627000000"
"6841","0","1","电表:1","普通事件","这是普通事件","2021-04-08 08:28:36.641000000"
"6842","0","1","电表:1","普通事件","这是普通事件","2021-04-08 08:28:36.648000000"
"6843","0","1","电表:1","普通事件","这是普通事件","2021-04-08 08:28:36.655000000"
"6844","0","1","电表:1","普通事件","这是普通事件","2021-04-08 08:28:36.662000000"
"6846","0","1","电表:1","普通事件","这是普通事件","2021-04-08 08:28:36.677000000"
"6847","0","1","电表:1","普通事件","这是普通事件","2021-04-08 08:28:36.684000000"
"6848","0","1","电表:1","普通事件","这是普通事件","2021-04-08 08:28:36.690000000"
"6849","0","1","电表:1","普通事件","这是普通事件","2021-04-08 08:28:36.696000000"
"6851","0","1","电表:1","普通事件","这是普通事件","2021-04-08 08:28:36.710000000"
"6852","0","1","电表:1","普通事件","这是普通事件","2021-04-08 08:28:36.717000000"
"6853","0","1","电表:1","普通事件","这是普通事件","2021-04-08 08:28:36.723000000"
"6854","0","1","电表:1","普通事件","这是普通事件","2021-04-08 08:28:36.731000000"
"6856","0","1","电表:1","普通事件","这是普通事件","2021-04-08 08:28:36.744000000"
"6857","0","1","电表:1","普通事件","这是普通事件","2021-04-08 08:28:36.750000000"
"6858","0","1","电表:1","普通事件","这是普通事件","2021-04-08 08:28:36.756000000"
"6859","0","1","电表:1","普通事件","这是普通事件","2021-04-08 08:28:36.763000000"
"6861","0","1","电表:1","普通事件","这是普通事件","2021-04-08 08:28:36.775000000"
"6862","0","1","电表:1","普通事件","这是普通事件","2021-04-08 08:28:36.782000000"
"6863","0","1","电表:1","普通事件","这是普通事件","2021-04-08 08:28:36.788000000"
"6864","0","1","电表:1","普通事件","这是普通事件","2021-04-08 08:28:36.795000000"
"6866","0","1","电表:1","普通事件","这是普通事件","2021-04-08 08:28:36.810000000"
"6867","0","1","电表:1","普通事件","这是普通事件","2021-04-08 08:28:36.816000000"
"6868","0","1","电表:1","普通事件","这是普通事件","2021-04-08 08:28:36.823000000"
"6869","0","1","电表:1","普通事件","这是普通事件","2021-04-08 08:28:36.829000000"
"6871","0","1","电表:1","普通事件","这是普通事件","2021-04-08 08:28:36.843000000"
"6872","0","1","电表:1","普通事件","这是普通事件","2021-04-08 08:28:36.850000000"
"6873","0","1","电表:1","普通事件","这是普通事件","2021-04-08 08:28:36.856000000"
"6874","0","1","电表:1","普通事件","这是普通事件","2021-04-08 08:28:36.863000000"
"6876","0","1","电表:1","普通事件","这是普通事件","2021-04-08 08:28:36.876000000"
"6877","0","1","电表:1","普通事件","这是普通事件","2021-04-08 08:28:36.884000000"
"6878","0","1","电表:1","普通事件","这是普通事件","2021-04-08 08:28:36.891000000"
"6879","0","1","电表:1","普通事件","这是普通事件","2021-04-08 08:28:36.897000000"
"6881","0","1","电表:1","普通事件","这是普通事件","2021-04-08 08:28:36.910000000"
"6882","0","1","电表:1","普通事件","这是普通事件","2021-04-08 08:28:36.917000000"
"6883","0","1","电表:1","普通事件","这是普通事件","2021-04-08 08:28:36.924000000"
"6884","0","1","电表:1","普通事件","这是普通事件","2021-04-08 08:28:36.931000000"
"6886","0","1","电表:1","普通事件","这是普通事件","2021-04-08 08:28:36.945000000"
"6887","0","1","电表:1","普通事件","这是普通事件","2021-04-08 08:28:36.952000000"
"6888","0","1","电表:1","普通事件","这是普通事件","2021-04-08 08:28:36.959000000"
"6889","0","1","电表:1","普通事件","这是普通事件","2021-04-08 08:28:36.965000000"
"6891","0","1","电表:1","普通事件","这是普通事件","2021-04-08 08:28:36.979000000"
"6892","0","1","电表:1","普通事件","这是普通事件","2021-04-08 08:28:36.986000000"
"6893","0","1","电表:1","普通事件","这是普通事件","2021-04-08 08:28:36.992000000"
"6894","0","1","电表:1","普通事件","这是普通事件","2021-04-08 08:28:36.999000000"
"6896","0","1","电表:1","普通事件","这是普通事件","2021-04-08 08:28:37.013000000"
"6897","0","1","电表:1","普通事件","这是普通事件","2021-04-08 08:28:37.020000000"
"6898","0","1","电表:1","普通事件","这是普通事件","2021-04-08 08:28:37.026000000"
"6899","0","1","电表:1","普通事件","这是普通事件","2021-04-08 08:28:37.033000000"
"6901","0","1","电表:1","普通事件","这是普通事件","2021-04-08 08:28:37.047000000"
"6902","0","1","电表:1","普通事件","这是普通事件","2021-04-08 08:28:37.053000000"
"6903","0","1","电表:1","普通事件","这是普通事件","2021-04-08 08:28:37.061000000"
"6904","0","1","电表:1","普通事件","这是普通事件","2021-04-08 08:28:37.068000000"
"6906","0","1","电表:1","普通事件","这是普通事件","2021-04-08 08:28:37.081000000"
"6907","0","1","电表:1","普通事件","这是普通事件","2021-04-08 08:28:37.088000000"
"6908","0","1","电表:1","普通事件","这是普通事件","2021-04-08 08:28:37.095000000"
"6909","0","1","电表:1","普通事件","这是普通事件","2021-04-08 08:28:37.102000000"
"6911","0","1","电表:1","普通事件","这是普通事件","2021-04-08 08:28:37.115000000"
"6912","0","1","电表:1","普通事件","这是普通事件","2021-04-08 08:28:37.122000000"
"6913","0","1","电表:1","普通事件","这是普通事件","2021-04-08 08:28:37.129000000"
"6914","0","1","电表:1","普通事件","这是普通事件","2021-04-08 08:28:37.135000000"
"6916","0","1","电表:1","普通事件","这是普通事件","2021-04-08 08:28:37.154000000"
"6917","0","1","电表:1","普通事件","这是普通事件","2021-04-08 08:28:37.160000000"
"6918","0","1","电表:1","普通事件","这是普通事件","2021-04-08 08:28:37.167000000"
"6919","0","1","电表:1","普通事件","这是普通事件","2021-04-08 08:28:37.173000000"
"6921","0","1","电表:1","普通事件","这是普通事件","2021-04-08 08:28:37.186000000"
"6922","0","1","电表:1","普通事件","这是普通事件","2021-04-08 08:28:37.193000000"
"6923","0","1","电表:1","普通事件","这是普通事件","2021-04-08 08:28:37.200000000"
"6924","0","1","电表:1","普通事件","这是普通事件","2021-04-08 08:28:37.207000000"
"6926","0","1","电表:1","普通事件","这是普通事件","2021-04-08 08:28:37.220000000"
"6927","0","1","电表:1","普通事件","这是普通事件","2021-04-08 08:28:37.226000000"
"6928","0","1","电表:1","普通事件","这是普通事件","2021-04-08 08:28:37.233000000"
"6929","0","1","电表:1","普通事件","这是普通事件","2021-04-08 08:28:37.240000000"
"6931","0","1","电表:1","普通事件","这是普通事件","2021-04-08 08:28:37.253000000"
"6932","0","1","电表:1","普通事件","这是普通事件","2021-04-08 08:28:37.260000000"
"6933","0","1","电表:1","普通事件","这是普通事件","2021-04-08 08:28:37.266000000"
"6934","0","1","电表:1","普通事件","这是普通事件","2021-04-08 08:28:37.273000000"
"6936","0","1","电表:1","普通事件","这是普通事件","2021-04-08 08:28:37.286000000"
"6937","0","1","电表:1","普通事件","这是普通事件","2021-04-08 08:28:37.292000000"
"6938","0","1","电表:1","普通事件","这是普通事件","2021-04-08 08:28:37.299000000"
"6939","0","1","电表:1","普通事件","这是普通事件","2021-04-08 08:28:37.305000000"
"6941","0","1","电表:1","普通事件","这是普通事件","2021-04-08 08:28:37.317000000"
"6942","0","1","电表:1","普通事件","这是普通事件","2021-04-08 08:28:37.324000000"
"6943","0","1","电表:1","普通事件","这是普通事件","2021-04-08 08:28:37.331000000"
"6944","0","1","电表:1","普通事件","这是普通事件","2021-04-08 08:28:37.337000000"
"6946","0","1","电表:1","普通事件","这是普通事件","2021-04-08 08:28:37.351000000"
"6947","0","1","电表:1","普通事件","这是普通事件","2021-04-08 08:28:37.357000000"
"6948","0","1","电表:1","普通事件","这是普通事件","2021-04-08 08:28:37.364000000"
"6949","0","1","电表:1","普通事件","这是普通事件","2021-04-08 08:28:37.371000000"
"6951","0","1","电表:1","普通事件","这是普通事件","2021-04-08 08:28:37.383000000"
"6952","0","1","电表:1","普通事件","这是普通事件","2021-04-08 08:28:37.390000000"
"6953","0","1","电表:1","普通事件","这是普通事件","2021-04-08 08:28:37.396000000"
"6954","0","1","电表:1","普通事件","这是普通事件","2021-04-08 08:28:37.403000000"
"6956","0","1","电表:1","普通事件","这是普通事件","2021-04-08 08:28:37.417000000"
"6957","0","1","电表:1","普通事件","这是普通事件","2021-04-08 08:28:37.423000000"
"6958","0","1","电表:1","普通事件","这是普通事件","2021-04-08 08:28:37.430000000"
"6959","0","1","电表:1","普通事件","这是普通事件","2021-04-08 08:28:37.439000000"
"6961","0","1","电表:1","普通事件","这是普通事件","2021-04-08 08:28:37.452000000"
"6962","0","1","电表:1","普通事件","这是普通事件","2021-04-08 08:28:37.459000000"
"6963","0","1","电表:1","普通事件","这是普通事件","2021-04-08 08:28:37.465000000"
"6964","0","1","电表:1","普通事件","这是普通事件","2021-04-08 08:28:37.472000000"
"6966","0","1","电表:1","普通事件","这是普通事件","2021-04-08 08:28:37.484000000"
"6967","0","1","电表:1","普通事件","这是普通事件","2021-04-08 08:28:37.491000000"
"6968","0","1","电表:1","普通事件","这是普通事件","2021-04-08 08:28:37.498000000"
"6969","0","1","电表:1","普通事件","这是普通事件","2021-04-08 08:28:37.504000000"
"6971","0","1","电表:1","普通事件","这是普通事件","2021-04-08 08:28:37.517000000"
"6972","0","1","电表:1","普通事件","这是普通事件","2021-04-08 08:28:37.523000000"
"6973","0","1","电表:1","普通事件","这是普通事件","2021-04-08 08:28:37.530000000"
"6974","0","1","电表:1","普通事件","这是普通事件","2021-04-08 08:28:37.538000000"
"6976","0","1","电表:1","普通事件","这是普通事件","2021-04-08 08:28:37.552000000"
"6977","0","1","电表:1","普通事件","这是普通事件","2021-04-08 08:28:37.559000000"
"6978","0","1","电表:1","普通事件","这是普通事件","2021-04-08 08:28:37.565000000"
"6979","0","1","电表:1","普通事件","这是普通事件","2021-04-08 08:28:37.571000000"
"6981","0","1","电表:1","普通事件","这是普通事件","2021-04-08 08:28:37.586000000"
"6982","0","1","电表:1","普通事件","这是普通事件","2021-04-08 08:28:37.593000000"
"6983","0","1","电表:1","普通事件","这是普通事件","2021-04-08 08:28:37.600000000"
"6984","0","1","电表:1","普通事件","这是普通事件","2021-04-08 08:28:37.606000000"
"6986","0","1","电表:1","普通事件","这是普通事件","2021-04-08 08:28:37.619000000"
"6987","0","1","电表:1","普通事件","这是普通事件","2021-04-08 08:28:37.627000000"
"6988","0","1","电表:1","普通事件","这是普通事件","2021-04-08 08:28:37.634000000"
"6989","0","1","电表:1","普通事件","这是普通事件","2021-04-08 08:28:37.642000000"
"6991","0","1","电表:1","普通事件","这是普通事件","2021-04-08 08:28:37.657000000"
"6992","0","1","电表:1","普通事件","这是普通事件","2021-04-08 08:28:37.663000000"
"6993","0","1","电表:1","普通事件","这是普通事件","2021-04-08 08:28:37.670000000"
"6994","0","1","电表:1","普通事件","这是普通事件","2021-04-08 08:28:37.677000000"
"6996","0","1","电表:1","普通事件","这是普通事件","2021-04-08 08:28:37.690000000"
"6997","0","1","电表:1","普通事件","这是普通事件","2021-04-08 08:28:37.697000000"
"6998","0","1","电表:1","普通事件","这是普通事件","2021-04-08 08:28:37.703000000"
"6999","0","1","电表:1","普通事件","这是普通事件","2021-04-08 08:28:37.709000000"
"7001","0","1","电表:1","普通事件","这是普通事件","2021-04-08 08:28:37.723000000"
"7002","0","1","电表:1","普通事件","这是普通事件","2021-04-08 08:28:37.729000000"
"7003","0","1","电表:1","普通事件","这是普通事件","2021-04-08 08:28:37.736000000"
"7004","0","1","电表:1","普通事件","这是普通事件","2021-04-08 08:28:37.742000000"
"7006","0","1","电表:1","普通事件","这是普通事件","2021-04-08 08:28:37.756000000"
"7007","0","1","电表:1","普通事件","这是普通事件","2021-04-08 08:28:37.762000000"
"7008","0","1","电表:1","普通事件","这是普通事件","2021-04-08 08:28:37.769000000"
"7009","0","1","电表:1","普通事件","这是普通事件","2021-04-08 08:28:37.775000000"
"7011","0","1","电表:1","普通事件","这是普通事件","2021-04-08 08:28:37.788000000"
"7012","0","1","电表:1","普通事件","这是普通事件","2021-04-08 08:28:37.795000000"
"7013","0","1","电表:1","普通事件","这是普通事件","2021-04-08 08:28:37.802000000"
"7014","0","1","电表:1","普通事件","这是普通事件","2021-04-08 08:28:37.808000000"
"7016","0","1","电表:1","普通事件","这是普通事件","2021-04-08 08:28:37.823000000"
"7017","0","1","电表:1","普通事件","这是普通事件","2021-04-08 08:28:37.830000000"
"7018","0","1","电表:1","普通事件","这是普通事件","2021-04-08 08:28:37.836000000"
"7019","0","1","电表:1","普通事件","这是普通事件","2021-04-08 08:28:37.843000000"
"7021","0","1","电表:1","普通事件","这是普通事件","2021-04-08 08:28:37.856000000"
"7022","0","1","电表:1","普通事件","这是普通事件","2021-04-08 08:28:37.863000000"
"7023","0","1","电表:1","普通事件","这是普通事件","2021-04-08 08:28:37.869000000"
"7024","0","1","电表:1","普通事件","这是普通事件","2021-04-08 08:28:37.876000000"
"7026","0","1","电表:1","普通事件","这是普通事件","2021-04-08 08:28:37.889000000"
"7027","0","1","电表:1","普通事件","这是普通事件","2021-04-08 08:28:37.896000000"
"7028","0","1","电表:1","普通事件","这是普通事件","2021-04-08 08:28:37.902000000"
"7029","0","1","电表:1","普通事件","这是普通事件","2021-04-08 08:28:37.909000000"
"7031","0","1","电表:1","普通事件","这是普通事件","2021-04-08 08:28:37.922000000"
"7032","0","1","电表:1","普通事件","这是普通事件","2021-04-08 08:28:37.929000000"
"7033","0","1","电表:1","普通事件","这是普通事件","2021-04-08 08:28:37.935000000"
"7034","0","1","电表:1","普通事件","这是普通事件","2021-04-08 08:28:37.942000000"
"7036","0","1","电表:1","普通事件","这是普通事件","2021-04-08 08:28:37.956000000"
"7037","0","1","电表:1","普通事件","这是普通事件","2021-04-08 08:28:37.963000000"
"7038","0","1","电表:1","普通事件","这是普通事件","2021-04-08 08:28:37.969000000"
"7039","0","1","电表:1","普通事件","这是普通事件","2021-04-08 08:28:37.976000000"
"7041","0","1","电表:1","普通事件","这是普通事件","2021-04-08 08:28:37.989000000"
"7042","0","1","电表:1","普通事件","这是普通事件","2021-04-08 08:28:37.996000000"
"7043","0","1","电表:1","普通事件","这是普通事件","2021-04-08 08:28:38.003000000"
"7044","0","1","电表:1","普通事件","这是普通事件","2021-04-08 08:28:38.009000000"
"7046","0","1","电表:1","普通事件","这是普通事件","2021-04-08 08:28:38.023000000"
"7047","0","1","电表:1","普通事件","这是普通事件","2021-04-08 08:28:38.029000000"
"7048","0","1","电表:1","普通事件","这是普通事件","2021-04-08 08:28:38.036000000"
"7049","0","1","电表:1","普通事件","这是普通事件","2021-04-08 08:28:38.042000000"
"7051","0","1","电表:1","普通事件","这是普通事件","2021-04-08 08:28:38.057000000"
"7052","0","1","电表:1","普通事件","这是普通事件","2021-04-08 08:28:38.065000000"
"7053","0","1","电表:1","普通事件","这是普通事件","2021-04-08 08:28:38.072000000"
"7054","0","1","电表:1","普通事件","这是普通事件","2021-04-08 08:28:38.080000000"
"7056","0","1","电表:1","普通事件","这是普通事件","2021-04-08 08:28:38.093000000"
"7057","0","1","电表:1","普通事件","这是普通事件","2021-04-08 08:28:38.100000000"
"7058","0","1","电表:1","普通事件","这是普通事件","2021-04-08 08:28:38.107000000"
"7059","0","1","电表:1","普通事件","这是普通事件","2021-04-08 08:28:38.113000000"
"7061","0","1","电表:1","普通事件","这是普通事件","2021-04-08 08:28:38.127000000"
"7062","0","1","电表:1","普通事件","这是普通事件","2021-04-08 08:28:38.134000000"
"7063","0","1","电表:1","普通事件","这是普通事件","2021-04-08 08:28:38.141000000"
"7064","0","1","电表:1","普通事件","这是普通事件","2021-04-08 08:28:38.148000000"
"7066","0","1","电表:1","普通事件","这是普通事件","2021-04-08 08:28:38.164000000"
"7067","0","1","电表:1","普通事件","这是普通事件","2021-04-08 08:28:38.171000000"
"7068","0","1","电表:1","普通事件","这是普通事件","2021-04-08 08:28:38.177000000"
"7069","0","1","电表:1","普通事件","这是普通事件","2021-04-08 08:28:38.184000000"
"7071","0","1","电表:1","普通事件","这是普通事件","2021-04-08 08:28:38.199000000"
"7072","0","1","电表:1","普通事件","这是普通事件","2021-04-08 08:28:38.206000000"
"7073","0","1","电表:1","普通事件","这是普通事件","2021-04-08 08:28:38.213000000"
"7074","0","1","电表:1","普通事件","这是普通事件","2021-04-08 08:28:38.221000000"
"7076","0","1","电表:1","普通事件","这是普通事件","2021-04-08 08:28:38.237000000"
"7077","0","1","电表:1","普通事件","这是普通事件","2021-04-08 08:28:38.244000000"
"7078","0","1","电表:1","普通事件","这是普通事件","2021-04-08 08:28:38.250000000"
"7079","0","1","电表:1","普通事件","这是普通事件","2021-04-08 08:28:38.257000000"
"7081","0","1","电表:1","普通事件","这是普通事件","2021-04-08 08:28:38.271000000"
"7082","0","1","电表:1","普通事件","这是普通事件","2021-04-08 08:28:38.278000000"
"7083","0","1","电表:1","普通事件","这是普通事件","2021-04-08 08:28:38.285000000"
"7084","0","1","电表:1","普通事件","这是普通事件","2021-04-08 08:28:38.293000000"
"7086","0","1","电表:1","普通事件","这是普通事件","2021-04-08 08:28:38.310000000"
"7087","0","1","电表:1","普通事件","这是普通事件","2021-04-08 08:28:38.317000000"
"7088","0","1","电表:1","普通事件","这是普通事件","2021-04-08 08:28:38.325000000"
"7089","0","1","电表:1","普通事件","这是普通事件","2021-04-08 08:28:38.335000000"
"7091","0","1","电表:1","普通事件","这是普通事件","2021-04-08 08:28:38.355000000"
"7092","0","1","电表:1","普通事件","这是普通事件","2021-04-08 08:28:38.367000000"
"7093","0","1","电表:1","普通事件","这是普通事件","2021-04-08 08:28:38.379000000"
"7094","0","1","电表:1","普通事件","这是普通事件","2021-04-08 08:28:38.391000000"
"7096","0","1","电表:1","普通事件","这是普通事件","2021-04-08 08:28:38.413000000"
"7097","0","1","电表:1","普通事件","这是普通事件","2021-04-08 08:28:38.424000000"
"7098","0","1","电表:1","普通事件","这是普通事件","2021-04-08 08:28:38.434000000"
"7099","0","1","电表:1","普通事件","这是普通事件","2021-04-08 08:28:38.444000000"
"7101","0","1","电表:1","普通事件","这是普通事件","2021-04-08 08:28:38.463000000"
"7102","0","1","电表:1","普通事件","这是普通事件","2021-04-08 08:28:38.473000000"
"7103","0","1","电表:1","普通事件","这是普通事件","2021-04-08 08:28:38.483000000"
"7104","0","1","电表:1","普通事件","这是普通事件","2021-04-08 08:28:38.492000000"
"7106","0","1","电表:1","普通事件","这是普通事件","2021-04-08 08:28:38.510000000"
"7107","0","1","电表:1","普通事件","这是普通事件","2021-04-08 08:28:38.518000000"
"7108","0","1","电表:1","普通事件","这是普通事件","2021-04-08 08:28:38.527000000"
"7109","0","1","电表:1","普通事件","这是普通事件","2021-04-08 08:28:38.535000000"
"7111","0","1","电表:1","普通事件","这是普通事件","2021-04-08 08:28:38.551000000"
"7112","0","1","电表:1","普通事件","这是普通事件","2021-04-08 08:28:38.560000000"
"7113","0","1","电表:1","普通事件","这是普通事件","2021-04-08 08:28:38.568000000"
"7114","0","1","电表:1","普通事件","这是普通事件","2021-04-08 08:28:38.576000000"
"7116","0","1","电表:1","普通事件","这是普通事件","2021-04-08 08:28:38.594000000"
"7117","0","1","电表:1","普通事件","这是普通事件","2021-04-08 08:28:38.603000000"
"7118","0","1","电表:1","普通事件","这是普通事件","2021-04-08 08:28:38.612000000"
"7119","0","1","电表:1","普通事件","这是普通事件","2021-04-08 08:28:38.622000000"
"7121","0","1","电表:1","普通事件","这是普通事件","2021-04-08 08:28:38.639000000"
"7122","0","1","电表:1","普通事件","这是普通事件","2021-04-08 08:28:38.651000000"
"7123","0","1","电表:1","普通事件","这是普通事件","2021-04-08 08:28:38.662000000"
"7124","0","1","电表:1","普通事件","这是普通事件","2021-04-08 08:28:38.671000000"
"7126","0","1","电表:1","普通事件","这是普通事件","2021-04-08 08:28:38.689000000"
"7127","0","1","电表:1","普通事件","这是普通事件","2021-04-08 08:28:38.697000000"
"7128","0","1","电表:1","普通事件","这是普通事件","2021-04-08 08:28:38.707000000"
"7129","0","1","电表:1","普通事件","这是普通事件","2021-04-08 08:28:38.715000000"
"7131","0","1","电表:1","普通事件","这是普通事件","2021-04-08 08:28:38.732000000"
"7132","0","1","电表:1","普通事件","这是普通事件","2021-04-08 08:28:38.741000000"
"7133","0","1","电表:1","普通事件","这是普通事件","2021-04-08 08:28:38.749000000"
"7134","0","1","电表:1","普通事件","这是普通事件","2021-04-08 08:28:38.758000000"
"7136","0","1","电表:1","普通事件","这是普通事件","2021-04-08 08:28:38.774000000"
"7137","0","1","电表:1","普通事件","这是普通事件","2021-04-08 08:28:38.782000000"
"7138","0","1","电表:1","普通事件","这是普通事件","2021-04-08 08:28:38.790000000"
"7139","0","1","电表:1","普通事件","这是普通事件","2021-04-08 08:28:38.797000000"
"7141","0","1","电表:1","普通事件","这是普通事件","2021-04-08 08:28:38.812000000"
"7142","0","1","电表:1","普通事件","这是普通事件","2021-04-08 08:28:38.819000000"
"7143","0","1","电表:1","普通事件","这是普通事件","2021-04-08 08:28:38.826000000"
"7144","0","1","电表:1","普通事件","这是普通事件","2021-04-08 08:28:38.832000000"
"7146","0","1","电表:1","普通事件","这是普通事件","2021-04-08 08:28:38.845000000"
"7147","0","1","电表:1","普通事件","这是普通事件","2021-04-08 08:28:38.852000000"
"7148","0","1","电表:1","普通事件","这是普通事件","2021-04-08 08:28:38.859000000"
"7149","0","1","电表:1","普通事件","这是普通事件","2021-04-08 08:28:38.866000000"
"7151","0","1","电表:1","普通事件","这是普通事件","2021-04-08 08:28:38.879000000"
"7152","0","1","电表:1","普通事件","这是普通事件","2021-04-08 08:28:38.886000000"
"7153","0","1","电表:1","普通事件","这是普通事件","2021-04-08 08:28:38.895000000"
"7154","0","1","电表:1","普通事件","这是普通事件","2021-04-08 08:28:38.902000000"
"7156","0","1","电表:1","普通事件","这是普通事件","2021-04-08 08:28:38.916000000"
"7157","0","1","电表:1","普通事件","这是普通事件","2021-04-08 08:28:38.922000000"
"7158","0","1","电表:1","普通事件","这是普通事件","2021-04-08 08:28:38.929000000"
"7159","0","1","电表:1","普通事件","这是普通事件","2021-04-08 08:28:38.935000000"
"7161","0","1","电表:1","普通事件","这是普通事件","2021-04-08 08:28:38.948000000"
"7162","0","1","电表:1","普通事件","这是普通事件","2021-04-08 08:28:38.956000000"
"7163","0","1","电表:1","普通事件","这是普通事件","2021-04-08 08:28:38.963000000"
"7164","0","1","电表:1","普通事件","这是普通事件","2021-04-08 08:28:38.970000000"
"7166","0","1","电表:1","普通事件","这是普通事件","2021-04-08 08:28:38.983000000"
"7167","0","1","电表:1","普通事件","这是普通事件","2021-04-08 08:28:38.990000000"
"7168","0","1","电表:1","普通事件","这是普通事件","2021-04-08 08:28:38.997000000"
"7169","0","1","电表:1","普通事件","这是普通事件","2021-04-08 08:28:39.003000000"
"7171","0","1","电表:1","普通事件","这是普通事件","2021-04-08 08:28:39.017000000"
"7172","0","1","电表:1","普通事件","这是普通事件","2021-04-08 08:28:39.024000000"
"7173","0","1","电表:1","普通事件","这是普通事件","2021-04-08 08:28:39.031000000"
"7174","0","1","电表:1","普通事件","这是普通事件","2021-04-08 08:28:39.037000000"
"7176","0","1","电表:1","普通事件","这是普通事件","2021-04-08 08:28:39.050000000"
"7177","0","1","电表:1","普通事件","这是普通事件","2021-04-08 08:28:39.057000000"
"7178","0","1","电表:1","普通事件","这是普通事件","2021-04-08 08:28:39.064000000"
"7179","0","1","电表:1","普通事件","这是普通事件","2021-04-08 08:28:39.071000000"
"7181","0","1","电表:1","普通事件","这是普通事件","2021-04-08 08:28:39.087000000"
"7182","0","1","电表:1","普通事件","这是普通事件","2021-04-08 08:28:39.094000000"
"7183","0","1","电表:1","普通事件","这是普通事件","2021-04-08 08:28:39.101000000"
"7184","0","1","电表:1","普通事件","这是普通事件","2021-04-08 08:28:39.108000000"
"7186","0","1","电表:1","普通事件","这是普通事件","2021-04-08 08:28:39.123000000"
"7187","0","1","电表:1","普通事件","这是普通事件","2021-04-08 08:28:39.130000000"
"7188","0","1","电表:1","普通事件","这是普通事件","2021-04-08 08:28:39.137000000"
"7189","0","1","电表:1","普通事件","这是普通事件","2021-04-08 08:28:39.144000000"
"7191","0","1","电表:1","普通事件","这是普通事件","2021-04-08 08:28:39.157000000"
"7192","0","1","电表:1","普通事件","这是普通事件","2021-04-08 08:28:39.165000000"
"7193","0","1","电表:1","普通事件","这是普通事件","2021-04-08 08:28:39.175000000"
"7194","0","1","电表:1","普通事件","这是普通事件","2021-04-08 08:28:39.184000000"
"7196","0","1","电表:1","普通事件","这是普通事件","2021-04-08 08:28:39.201000000"
"7197","0","1","电表:1","普通事件","这是普通事件","2021-04-08 08:28:39.210000000"
"7198","0","1","电表:1","普通事件","这是普通事件","2021-04-08 08:28:39.217000000"
"7199","0","1","电表:1","普通事件","这是普通事件","2021-04-08 08:28:39.224000000"
"7201","0","1","电表:1","普通事件","这是普通事件","2021-04-08 08:28:39.238000000"
"7202","0","1","电表:1","普通事件","这是普通事件","2021-04-08 08:28:39.245000000"
"7203","0","1","电表:1","普通事件","这是普通事件","2021-04-08 08:28:39.252000000"
"7204","0","1","电表:1","普通事件","这是普通事件","2021-04-08 08:28:39.258000000"
"7206","0","1","电表:1","普通事件","这是普通事件","2021-04-08 08:28:39.276000000"
"7207","0","1","电表:1","普通事件","这是普通事件","2021-04-08 08:28:39.284000000"
"7208","0","1","电表:1","普通事件","这是普通事件","2021-04-08 08:28:39.292000000"
"7209","0","1","电表:1","普通事件","这是普通事件","2021-04-08 08:28:39.299000000"
"7211","0","1","电表:1","普通事件","这是普通事件","2021-04-08 08:28:39.312000000"
"7212","0","1","电表:1","普通事件","这是普通事件","2021-04-08 08:28:39.319000000"
"7213","0","1","电表:1","普通事件","这是普通事件","2021-04-08 08:28:39.326000000"
"7214","0","1","电表:1","普通事件","这是普通事件","2021-04-08 08:28:39.332000000"
"7216","0","1","电表:1","普通事件","这是普通事件","2021-04-08 08:28:39.346000000"
"7217","0","1","电表:1","普通事件","这是普通事件","2021-04-08 08:28:39.355000000"
"7218","0","1","电表:1","普通事件","这是普通事件","2021-04-08 08:28:39.362000000"
"7219","0","1","电表:1","普通事件","这是普通事件","2021-04-08 08:28:39.369000000"
"7221","0","1","电表:1","普通事件","这是普通事件","2021-04-08 08:28:39.382000000"
"7222","0","1","电表:1","普通事件","这是普通事件","2021-04-08 08:28:39.388000000"
"7223","0","1","电表:1","普通事件","这是普通事件","2021-04-08 08:28:39.395000000"
"7224","0","1","电表:1","普通事件","这是普通事件","2021-04-08 08:28:39.401000000"
"7226","0","1","电表:1","普通事件","这是普通事件","2021-04-08 08:28:39.419000000"
"7227","0","1","电表:1","普通事件","这是普通事件","2021-04-08 08:28:39.426000000"
"7228","0","1","电表:1","普通事件","这是普通事件","2021-04-08 08:28:39.433000000"
"7229","0","1","电表:1","普通事件","这是普通事件","2021-04-08 08:28:39.440000000"
"7231","0","1","电表:1","普通事件","这是普通事件","2021-04-08 08:28:39.453000000"
"7232","0","1","电表:1","普通事件","这是普通事件","2021-04-08 08:28:39.459000000"
"7233","0","1","电表:1","普通事件","这是普通事件","2021-04-08 08:28:39.466000000"
"7234","0","1","电表:1","普通事件","这是普通事件","2021-04-08 08:28:39.472000000"
"7236","0","1","电表:1","普通事件","这是普通事件","2021-04-08 08:28:39.486000000"
"7237","0","1","电表:1","普通事件","这是普通事件","2021-04-08 08:28:39.492000000"
"7238","0","1","电表:1","普通事件","这是普通事件","2021-04-08 08:28:39.499000000"
"7239","0","1","电表:1","普通事件","这是普通事件","2021-04-08 08:28:39.506000000"
"7241","0","1","电表:1","普通事件","这是普通事件","2021-04-08 08:28:39.519000000"
"7242","0","1","电表:1","普通事件","这是普通事件","2021-04-08 08:28:39.525000000"
"7243","0","1","电表:1","普通事件","这是普通事件","2021-04-08 08:28:39.532000000"
"7244","0","1","电表:1","普通事件","这是普通事件","2021-04-08 08:28:39.539000000"
"7246","0","1","电表:1","普通事件","这是普通事件","2021-04-08 08:28:39.551000000"
"7247","0","1","电表:1","普通事件","这是普通事件","2021-04-08 08:28:39.558000000"
"7248","0","1","电表:1","普通事件","这是普通事件","2021-04-08 08:28:39.566000000"
"7249","0","1","电表:1","普通事件","这是普通事件","2021-04-08 08:28:39.573000000"
"7251","0","1","电表:1","普通事件","这是普通事件","2021-04-08 08:28:39.586000000"
"7252","0","1","电表:1","普通事件","这是普通事件","2021-04-08 08:28:39.593000000"
"7253","0","1","电表:1","普通事件","这是普通事件","2021-04-08 08:28:39.599000000"
"7254","0","1","电表:1","普通事件","这是普通事件","2021-04-08 08:28:39.606000000"
"7256","0","1","电表:1","普通事件","这是普通事件","2021-04-08 08:28:39.620000000"
"7257","0","1","电表:1","普通事件","这是普通事件","2021-04-08 08:28:39.626000000"
"7258","0","1","电表:1","普通事件","这是普通事件","2021-04-08 08:28:39.633000000"
"7259","0","1","电表:1","普通事件","这是普通事件","2021-04-08 08:28:39.639000000"
"7261","0","1","电表:1","普通事件","这是普通事件","2021-04-08 08:28:39.652000000"
"7262","0","1","电表:1","普通事件","这是普通事件","2021-04-08 08:28:39.659000000"
"7263","0","1","电表:1","普通事件","这是普通事件","2021-04-08 08:28:39.666000000"
"7264","0","1","电表:1","普通事件","这是普通事件","2021-04-08 08:28:39.672000000"
"7266","0","1","电表:1","普通事件","这是普通事件","2021-04-08 08:28:39.685000000"
"7267","0","1","电表:1","普通事件","这是普通事件","2021-04-08 08:28:39.692000000"
"7268","0","1","电表:1","普通事件","这是普通事件","2021-04-08 08:28:39.699000000"
"7269","0","1","电表:1","普通事件","这是普通事件","2021-04-08 08:28:39.706000000"
"7271","0","1","电表:1","普通事件","这是普通事件","2021-04-08 08:28:39.719000000"
"7272","0","1","电表:1","普通事件","这是普通事件","2021-04-08 08:28:39.726000000"
"7273","0","1","电表:1","普通事件","这是普通事件","2021-04-08 08:28:39.733000000"
"7274","0","1","电表:1","普通事件","这是普通事件","2021-04-08 08:28:39.740000000"
"7276","0","1","电表:1","普通事件","这是普通事件","2021-04-08 08:28:39.754000000"
"7277","0","1","电表:1","普通事件","这是普通事件","2021-04-08 08:28:39.760000000"
"7278","0","1","电表:1","普通事件","这是普通事件","2021-04-08 08:28:39.767000000"
"7279","0","1","电表:1","普通事件","这是普通事件","2021-04-08 08:28:39.773000000"
"7281","0","1","电表:1","普通事件","这是普通事件","2021-04-08 08:28:39.785000000"
"7282","0","1","电表:1","普通事件","这是普通事件","2021-04-08 08:28:39.792000000"
"7283","0","1","电表:1","普通事件","这是普通事件","2021-04-08 08:28:39.798000000"
"7284","0","1","电表:1","普通事件","这是普通事件","2021-04-08 08:28:39.804000000"
"7286","0","1","电表:1","普通事件","这是普通事件","2021-04-08 08:28:39.817000000"
"7287","0","1","电表:1","普通事件","这是普通事件","2021-04-08 08:28:39.824000000"
"7288","0","1","电表:1","普通事件","这是普通事件","2021-04-08 08:28:39.831000000"
"7289","0","1","电表:1","普通事件","这是普通事件","2021-04-08 08:28:39.837000000"
"7291","0","1","电表:1","普通事件","这是普通事件","2021-04-08 08:28:39.850000000"
"7292","0","1","电表:1","普通事件","这是普通事件","2021-04-08 08:28:39.857000000"
"7293","0","1","电表:1","普通事件","这是普通事件","2021-04-08 08:28:39.864000000"
"7294","0","1","电表:1","普通事件","这是普通事件","2021-04-08 08:28:39.872000000"
"7296","0","1","电表:1","普通事件","这是普通事件","2021-04-08 08:28:39.885000000"
"7297","0","1","电表:1","普通事件","这是普通事件","2021-04-08 08:28:39.891000000"
"7298","0","1","电表:1","普通事件","这是普通事件","2021-04-08 08:28:39.897000000"
"7299","0","1","电表:1","普通事件","这是普通事件","2021-04-08 08:28:39.903000000"
"7301","0","1","电表:1","普通事件","这是普通事件","2021-04-08 08:28:39.916000000"
"7302","0","1","电表:1","普通事件","这是普通事件","2021-04-08 08:28:39.923000000"
"7303","0","1","电表:1","普通事件","这是普通事件","2021-04-08 08:28:39.930000000"
"7304","0","1","电表:1","普通事件","这是普通事件","2021-04-08 08:28:39.936000000"
"7306","0","1","电表:1","普通事件","这是普通事件","2021-04-08 08:28:39.948000000"
"7307","0","1","电表:1","普通事件","这是普通事件","2021-04-08 08:28:39.955000000"
"7308","0","1","电表:1","普通事件","这是普通事件","2021-04-08 08:28:39.961000000"
"7309","0","1","电表:1","普通事件","这是普通事件","2021-04-08 08:28:39.968000000"
"7311","0","1","电表:1","普通事件","这是普通事件","2021-04-08 08:28:39.980000000"
"7312","0","1","电表:1","普通事件","这是普通事件","2021-04-08 08:28:39.987000000"
"7313","0","1","电表:1","普通事件","这是普通事件","2021-04-08 08:28:39.993000000"
"7314","0","1","电表:1","普通事件","这是普通事件","2021-04-08 08:28:40.001000000"
"7316","0","1","电表:1","普通事件","这是普通事件","2021-04-08 08:28:40.014000000"
"7317","0","1","电表:1","普通事件","这是普通事件","2021-04-08 08:28:40.020000000"
"7318","0","1","电表:1","普通事件","这是普通事件","2021-04-08 08:28:40.026000000"
"7319","0","1","电表:1","普通事件","这是普通事件","2021-04-08 08:28:40.033000000"
"7321","0","1","电表:1","普通事件","这是普通事件","2021-04-08 08:28:40.046000000"
"7322","0","1","电表:1","普通事件","这是普通事件","2021-04-08 08:28:40.054000000"
"7323","0","1","电表:1","普通事件","这是普通事件","2021-04-08 08:28:40.061000000"
"7324","0","1","电表:1","普通事件","这是普通事件","2021-04-08 08:28:40.068000000"
"7326","0","1","电表:1","普通事件","这是普通事件","2021-04-08 08:28:40.081000000"
"7327","0","1","电表:1","普通事件","这是普通事件","2021-04-08 08:28:40.087000000"
"7328","0","1","电表:1","普通事件","这是普通事件","2021-04-08 08:28:40.094000000"
"7329","0","1","电表:1","普通事件","这是普通事件","2021-04-08 08:28:40.100000000"
"7331","0","1","电表:1","普通事件","这是普通事件","2021-04-08 08:28:40.113000000"
"7332","0","1","电表:1","普通事件","这是普通事件","2021-04-08 08:28:40.120000000"
"7333","0","1","电表:1","普通事件","这是普通事件","2021-04-08 08:28:40.126000000"
"7334","0","1","电表:1","普通事件","这是普通事件","2021-04-08 08:28:40.133000000"
"7336","0","1","电表:1","普通事件","这是普通事件","2021-04-08 08:28:40.146000000"
"7337","0","1","电表:1","普通事件","这是普通事件","2021-04-08 08:28:40.153000000"
"7338","0","1","电表:1","普通事件","这是普通事件","2021-04-08 08:28:40.160000000"
"7339","0","1","电表:1","普通事件","这是普通事件","2021-04-08 08:28:40.166000000"
"7341","0","1","电表:1","普通事件","这是普通事件","2021-04-08 08:28:40.180000000"
"7342","0","1","电表:1","普通事件","这是普通事件","2021-04-08 08:28:40.187000000"
"7343","0","1","电表:1","普通事件","这是普通事件","2021-04-08 08:28:40.193000000"
"7344","0","1","电表:1","普通事件","这是普通事件","2021-04-08 08:28:40.199000000"
"7346","0","1","电表:1","普通事件","这是普通事件","2021-04-08 08:28:40.212000000"
"7347","0","1","电表:1","普通事件","这是普通事件","2021-04-08 08:28:40.219000000"
"7348","0","1","电表:1","普通事件","这是普通事件","2021-04-08 08:28:40.225000000"
"7349","0","1","电表:1","普通事件","这是普通事件","2021-04-08 08:28:40.231000000"
"7351","0","1","电表:1","普通事件","这是普通事件","2021-04-08 08:28:40.244000000"
"7352","0","1","电表:1","普通事件","这是普通事件","2021-04-08 08:28:40.251000000"
"7353","0","1","电表:1","普通事件","这是普通事件","2021-04-08 08:28:40.257000000"
"7354","0","1","电表:1","普通事件","这是普通事件","2021-04-08 08:28:40.263000000"
"7356","0","1","电表:1","普通事件","这是普通事件","2021-04-08 08:28:40.276000000"
"7357","0","1","电表:1","普通事件","这是普通事件","2021-04-08 08:28:40.283000000"
"7358","0","1","电表:1","普通事件","这是普通事件","2021-04-08 08:28:40.289000000"
"7359","0","1","电表:1","普通事件","这是普通事件","2021-04-08 08:28:40.295000000"
"7361","0","1","电表:1","普通事件","这是普通事件","2021-04-08 08:28:40.308000000"
"7362","0","1","电表:1","普通事件","这是普通事件","2021-04-08 08:28:40.314000000"
"7363","0","1","电表:1","普通事件","这是普通事件","2021-04-08 08:28:40.320000000"
"7364","0","1","电表:1","普通事件","这是普通事件","2021-04-08 08:28:40.327000000"
"7366","0","1","电表:1","普通事件","这是普通事件","2021-04-08 08:28:40.339000000"
"7367","0","1","电表:1","普通事件","这是普通事件","2021-04-08 08:28:40.346000000"
"7368","0","1","电表:1","普通事件","这是普通事件","2021-04-08 08:28:40.353000000"
"7369","0","1","电表:1","普通事件","这是普通事件","2021-04-08 08:28:40.359000000"
"7371","0","1","电表:1","普通事件","这是普通事件","2021-04-08 08:28:40.373000000"
"7372","0","1","电表:1","普通事件","这是普通事件","2021-04-08 08:28:40.380000000"
"7373","0","1","电表:1","普通事件","这是普通事件","2021-04-08 08:28:40.387000000"
"7374","0","1","电表:1","普通事件","这是普通事件","2021-04-08 08:28:40.393000000"
"7376","0","1","电表:1","普通事件","这是普通事件","2021-04-08 08:28:40.406000000"
"7377","0","1","电表:1","普通事件","这是普通事件","2021-04-08 08:28:40.412000000"
"7378","0","1","电表:1","普通事件","这是普通事件","2021-04-08 08:28:40.418000000"
"7379","0","1","电表:1","普通事件","这是普通事件","2021-04-08 08:28:40.424000000"
"7381","0","1","电表:1","普通事件","这是普通事件","2021-04-08 08:28:40.438000000"
"7382","0","1","电表:1","普通事件","这是普通事件","2021-04-08 08:28:40.445000000"
"7383","0","1","电表:1","普通事件","这是普通事件","2021-04-08 08:28:40.451000000"
"7384","0","1","电表:1","普通事件","这是普通事件","2021-04-08 08:28:40.457000000"
"7386","0","1","电表:1","普通事件","这是普通事件","2021-04-08 08:28:40.470000000"
"7387","0","1","电表:1","普通事件","这是普通事件","2021-04-08 08:28:40.477000000"
"7388","0","1","电表:1","普通事件","这是普通事件","2021-04-08 08:28:40.484000000"
"7389","0","1","电表:1","普通事件","这是普通事件","2021-04-08 08:28:40.491000000"
"7391","0","1","电表:1","普通事件","这是普通事件","2021-04-08 08:28:40.505000000"
"7392","0","1","电表:1","普通事件","这是普通事件","2021-04-08 08:28:40.512000000"
"7393","0","1","电表:1","普通事件","这是普通事件","2021-04-08 08:28:40.518000000"
"7394","0","1","电表:1","普通事件","这是普通事件","2021-04-08 08:28:40.526000000"
"7396","0","1","电表:1","普通事件","这是普通事件","2021-04-08 08:28:40.540000000"
"7397","0","1","电表:1","普通事件","这是普通事件","2021-04-08 08:28:40.546000000"
"7398","0","1","电表:1","普通事件","这是普通事件","2021-04-08 08:28:40.553000000"
"7399","0","1","电表:1","普通事件","这是普通事件","2021-04-08 08:28:40.559000000"
"7401","0","1","电表:1","普通事件","这是普通事件","2021-04-08 08:28:40.572000000"
"7402","0","1","电表:1","普通事件","这是普通事件","2021-04-08 08:28:40.578000000"
"7403","0","1","电表:1","普通事件","这是普通事件","2021-04-08 08:28:40.585000000"
"7404","0","1","电表:1","普通事件","这是普通事件","2021-04-08 08:28:40.592000000"
"7406","0","1","电表:1","普通事件","这是普通事件","2021-04-08 08:28:40.605000000"
"7407","0","1","电表:1","普通事件","这是普通事件","2021-04-08 08:28:40.611000000"
"7408","0","1","电表:1","普通事件","这是普通事件","2021-04-08 08:28:40.617000000"
"7409","0","1","电表:1","普通事件","这是普通事件","2021-04-08 08:28:40.624000000"
"7411","0","1","电表:1","普通事件","这是普通事件","2021-04-08 08:28:40.637000000"
"7412","0","1","电表:1","普通事件","这是普通事件","2021-04-08 08:28:40.644000000"
"7413","0","1","电表:1","普通事件","这是普通事件","2021-04-08 08:28:40.651000000"
"7414","0","1","电表:1","普通事件","这是普通事件","2021-04-08 08:28:40.657000000"
"7416","0","1","电表:1","普通事件","这是普通事件","2021-04-08 08:28:40.670000000"
"7417","0","1","电表:1","普通事件","这是普通事件","2021-04-08 08:28:40.676000000"
"7418","0","1","电表:1","普通事件","这是普通事件","2021-04-08 08:28:40.683000000"
"7419","0","1","电表:1","普通事件","这是普通事件","2021-04-08 08:28:40.689000000"
"7421","0","1","电表:1","普通事件","这是普通事件","2021-04-08 08:28:40.703000000"
"7422","0","1","电表:1","普通事件","这是普通事件","2021-04-08 08:28:40.709000000"
"7423","0","1","电表:1","普通事件","这是普通事件","2021-04-08 08:28:40.717000000"
"7424","0","1","电表:1","普通事件","这是普通事件","2021-04-08 08:28:40.724000000"
"7426","0","1","电表:1","普通事件","这是普通事件","2021-04-08 08:28:40.739000000"
"7427","0","1","电表:1","普通事件","这是普通事件","2021-04-08 08:28:40.746000000"
"7428","0","1","电表:1","普通事件","这是普通事件","2021-04-08 08:28:40.758000000"
"7429","0","1","电表:1","普通事件","这是普通事件","2021-04-08 08:28:40.766000000"
"7431","0","1","电表:1","普通事件","这是普通事件","2021-04-08 08:28:40.781000000"
"7432","0","1","电表:1","普通事件","这是普通事件","2021-04-08 08:28:40.789000000"
"7433","0","1","电表:1","普通事件","这是普通事件","2021-04-08 08:28:40.796000000"
"7434","0","1","电表:1","普通事件","这是普通事件","2021-04-08 08:28:40.804000000"
"7436","0","1","电表:1","普通事件","这是普通事件","2021-04-08 08:28:40.819000000"
"7437","0","1","电表:1","普通事件","这是普通事件","2021-04-08 08:28:40.827000000"
"7438","0","1","电表:1","普通事件","这是普通事件","2021-04-08 08:28:40.833000000"
"7439","0","1","电表:1","普通事件","这是普通事件","2021-04-08 08:28:40.841000000"
"7441","0","1","电表:1","普通事件","这是普通事件","2021-04-08 08:28:40.854000000"
"7442","0","1","电表:1","普通事件","这是普通事件","2021-04-08 08:28:40.861000000"
"7443","0","1","电表:1","普通事件","这是普通事件","2021-04-08 08:28:40.868000000"
"7444","0","1","电表:1","普通事件","这是普通事件","2021-04-08 08:28:40.875000000"
"7446","0","1","电表:1","普通事件","这是普通事件","2021-04-08 08:28:40.888000000"
"7447","0","1","电表:1","普通事件","这是普通事件","2021-04-08 08:28:40.896000000"
"7448","0","1","电表:1","普通事件","这是普通事件","2021-04-08 08:28:40.903000000"
"7449","0","1","电表:1","普通事件","这是普通事件","2021-04-08 08:28:40.909000000"
"7451","0","1","电表:1","普通事件","这是普通事件","2021-04-08 08:28:40.923000000"
"7452","0","1","电表:1","普通事件","这是普通事件","2021-04-08 08:28:40.930000000"
"7453","0","1","电表:1","普通事件","这是普通事件","2021-04-08 08:28:40.936000000"
"7454","0","1","电表:1","普通事件","这是普通事件","2021-04-08 08:28:40.942000000"
"7456","0","1","电表:1","普通事件","这是普通事件","2021-04-08 08:28:40.955000000"
"7457","0","1","电表:1","普通事件","这是普通事件","2021-04-08 08:28:40.962000000"
"7458","0","1","电表:1","普通事件","这是普通事件","2021-04-08 08:28:40.968000000"
"7459","0","1","电表:1","普通事件","这是普通事件","2021-04-08 08:28:40.974000000"
"7461","0","1","电表:1","普通事件","这是普通事件","2021-04-08 08:28:40.987000000"
"7462","0","1","电表:1","普通事件","这是普通事件","2021-04-08 08:28:40.993000000"
"7463","0","1","电表:1","普通事件","这是普通事件","2021-04-08 08:28:41.000000000"
"7464","0","1","电表:1","普通事件","这是普通事件","2021-04-08 08:28:41.006000000"
"7466","0","1","电表:1","普通事件","这是普通事件","2021-04-08 08:28:41.020000000"
"7467","0","1","电表:1","普通事件","这是普通事件","2021-04-08 08:28:41.026000000"
"7468","0","1","电表:1","普通事件","这是普通事件","2021-04-08 08:28:41.033000000"
"7469","0","1","电表:1","普通事件","这是普通事件","2021-04-08 08:28:41.039000000"
"7471","0","1","电表:1","普通事件","这是普通事件","2021-04-08 08:28:41.055000000"